config_id,target_id,payload,payload_bytes,ecc,mask,strategy,module_budget,actual_modified_modules,affected_codeword_count,full_similarity_after,jsqr_decode_status,candidate_filename,seed
T01_a_L,T01,a,1,L,3,A2_RANDOM,16,16,12,0.517,NO_DETECTION,A4_T01_a_L_a2_seed42_b16.png,42
T01_a_L,T01,a,1,L,3,A2_RANDOM,16,16,12,0.517,NO_DETECTION,A4_T01_a_L_a2_seed43_b16.png,43
T01_a_L,T01,a,1,L,3,A2_RANDOM,16,16,9,0.517,NO_DETECTION,A4_T01_a_L_a2_seed44_b16.png,44
T01_a_L,T01,a,1,L,3,A2_RANDOM,16,16,13,0.517,NO_DETECTION,A4_T01_a_L_a2_seed45_b16.png,45
T01_a_L,T01,a,1,L,3,A2_RANDOM,16,16,10,0.517,NO_DETECTION,A4_T01_a_L_a2_seed46_b16.png,46
T01_a_M,T01,a,1,M,2,A2_RANDOM,24,24,17,0.5533,NO_DETECTION,A4_T01_a_M_a2_seed42_b24.png,42
T01_a_M,T01,a,1,M,2,A2_RANDOM,24,24,17,0.5533,NO_DETECTION,A4_T01_a_M_a2_seed43_b24.png,43
T01_a_M,T01,a,1,M,2,A2_RANDOM,24,24,14,0.5533,NO_DETECTION,A4_T01_a_M_a2_seed44_b24.png,44
T01_a_M,T01,a,1,M,2,A2_RANDOM,24,24,17,0.5533,NO_DETECTION,A4_T01_a_M_a2_seed45_b24.png,45
T01_a_M,T01,a,1,M,2,A2_RANDOM,24,24,17,0.5533,NO_DETECTION,A4_T01_a_M_a2_seed46_b24.png,46
T01_a_Q,T01,a,1,Q,3,A2_RANDOM,32,32,17,0.5624,NO_DETECTION,A4_T01_a_Q_a2_seed42_b32.png,42
T01_a_Q,T01,a,1,Q,3,A2_RANDOM,32,32,21,0.5624,NO_DETECTION,A4_T01_a_Q_a2_seed43_b32.png,43
T01_a_Q,T01,a,1,Q,3,A2_RANDOM,32,32,19,0.5624,NO_DETECTION,A4_T01_a_Q_a2_seed44_b32.png,44
T01_a_Q,T01,a,1,Q,3,A2_RANDOM,32,32,20,0.5624,NO_DETECTION,A4_T01_a_Q_a2_seed45_b32.png,45
T01_a_Q,T01,a,1,Q,3,A2_RANDOM,32,32,22,0.5624,NO_DETECTION,A4_T01_a_Q_a2_seed46_b32.png,46
T01_a_H,T01,a,1,H,3,A2_RANDOM,40,40,23,0.5805,NO_DETECTION,A4_T01_a_H_a2_seed42_b40.png,42
T01_a_H,T01,a,1,H,3,A2_RANDOM,40,40,21,0.5805,NO_DETECTION,A4_T01_a_H_a2_seed43_b40.png,43
T01_a_H,T01,a,1,H,3,A2_RANDOM,40,40,19,0.5805,NO_DETECTION,A4_T01_a_H_a2_seed44_b40.png,44
T01_a_H,T01,a,1,H,3,A2_RANDOM,40,40,20,0.5805,NO_DETECTION,A4_T01_a_H_a2_seed45_b40.png,45
T01_a_H,T01,a,1,H,3,A2_RANDOM,40,40,20,0.5805,NO_DETECTION,A4_T01_a_H_a2_seed46_b40.png,46
T01_g-co_L,T01,g.co,4,L,2,A2_RANDOM,16,16,13,0.5079,NO_DETECTION,A4_T01_g-co_L_a2_seed42_b16.png,42
T01_g-co_L,T01,g.co,4,L,2,A2_RANDOM,16,16,14,0.5079,NO_DETECTION,A4_T01_g-co_L_a2_seed43_b16.png,43
T01_g-co_L,T01,g.co,4,L,2,A2_RANDOM,16,16,13,0.5079,NO_DETECTION,A4_T01_g-co_L_a2_seed44_b16.png,44
T01_g-co_L,T01,g.co,4,L,2,A2_RANDOM,16,16,10,0.5079,NO_DETECTION,A4_T01_g-co_L_a2_seed45_b16.png,45
T01_g-co_L,T01,g.co,4,L,2,A2_RANDOM,16,16,11,0.5079,NO_DETECTION,A4_T01_g-co_L_a2_seed46_b16.png,46
T01_g-co_M,T01,g.co,4,M,2,A2_RANDOM,24,24,19,0.5442,NO_DETECTION,A4_T01_g-co_M_a2_seed42_b24.png,42
T01_g-co_M,T01,g.co,4,M,2,A2_RANDOM,24,24,18,0.5442,NO_DETECTION,A4_T01_g-co_M_a2_seed43_b24.png,43
T01_g-co_M,T01,g.co,4,M,2,A2_RANDOM,24,24,18,0.5442,NO_DETECTION,A4_T01_g-co_M_a2_seed44_b24.png,44
T01_g-co_M,T01,g.co,4,M,2,A2_RANDOM,24,24,14,0.5442,NO_DETECTION,A4_T01_g-co_M_a2_seed45_b24.png,45
T01_g-co_M,T01,g.co,4,M,2,A2_RANDOM,24,24,14,0.5442,NO_DETECTION,A4_T01_g-co_M_a2_seed46_b24.png,46
T01_g-co_Q,T01,g.co,4,Q,2,A2_RANDOM,32,32,20,0.5578,NO_DETECTION,A4_T01_g-co_Q_a2_seed42_b32.png,42
T01_g-co_Q,T01,g.co,4,Q,2,A2_RANDOM,32,32,21,0.5578,NO_DETECTION,A4_T01_g-co_Q_a2_seed43_b32.png,43
T01_g-co_Q,T01,g.co,4,Q,2,A2_RANDOM,32,32,19,0.5578,NO_DETECTION,A4_T01_g-co_Q_a2_seed44_b32.png,44
T01_g-co_Q,T01,g.co,4,Q,2,A2_RANDOM,32,32,18,0.5578,NO_DETECTION,A4_T01_g-co_Q_a2_seed45_b32.png,45
T01_g-co_Q,T01,g.co,4,Q,2,A2_RANDOM,32,32,20,0.5578,NO_DETECTION,A4_T01_g-co_Q_a2_seed46_b32.png,46
T01_g-co_H,T01,g.co,4,H,6,A2_RANDOM,40,40,21,0.585,NO_DETECTION,A4_T01_g-co_H_a2_seed42_b40.png,42
T01_g-co_H,T01,g.co,4,H,6,A2_RANDOM,40,40,21,0.585,NO_DETECTION,A4_T01_g-co_H_a2_seed43_b40.png,43
T01_g-co_H,T01,g.co,4,H,6,A2_RANDOM,40,40,22,0.585,NO_DETECTION,A4_T01_g-co_H_a2_seed44_b40.png,44
T01_g-co_H,T01,g.co,4,H,6,A2_RANDOM,40,40,21,0.585,NO_DETECTION,A4_T01_g-co_H_a2_seed45_b40.png,45
T01_g-co_H,T01,g.co,4,H,6,A2_RANDOM,40,40,22,0.585,NO_DETECTION,A4_T01_g-co_H_a2_seed46_b40.png,46
T01_abcdefg_L,T01,abcdefg,7,L,0,A2_RANDOM,20,20,15,0.5261,NO_DETECTION,A4_T01_abcdefg_L_a2_seed42_b20.png,42
T01_abcdefg_L,T01,abcdefg,7,L,0,A2_RANDOM,20,20,13,0.5261,NO_DETECTION,A4_T01_abcdefg_L_a2_seed43_b20.png,43
T01_abcdefg_L,T01,abcdefg,7,L,0,A2_RANDOM,20,20,14,0.5261,NO_DETECTION,A4_T01_abcdefg_L_a2_seed44_b20.png,44
T01_abcdefg_L,T01,abcdefg,7,L,0,A2_RANDOM,20,20,12,0.5261,NO_DETECTION,A4_T01_abcdefg_L_a2_seed45_b20.png,45
T01_abcdefg_L,T01,abcdefg,7,L,0,A2_RANDOM,20,20,16,0.5261,NO_DETECTION,A4_T01_abcdefg_L_a2_seed46_b20.png,46
T01_abcdefg_M,T01,abcdefg,7,M,3,A2_RANDOM,24,24,17,0.5351,NO_DETECTION,A4_T01_abcdefg_M_a2_seed42_b24.png,42
T01_abcdefg_M,T01,abcdefg,7,M,3,A2_RANDOM,24,24,18,0.5351,NO_DETECTION,A4_T01_abcdefg_M_a2_seed43_b24.png,43
T01_abcdefg_M,T01,abcdefg,7,M,3,A2_RANDOM,24,24,14,0.5351,NO_DETECTION,A4_T01_abcdefg_M_a2_seed44_b24.png,44
T01_abcdefg_M,T01,abcdefg,7,M,3,A2_RANDOM,24,24,20,0.5351,NO_DETECTION,A4_T01_abcdefg_M_a2_seed45_b24.png,45
T01_abcdefg_M,T01,abcdefg,7,M,3,A2_RANDOM,24,24,19,0.5351,NO_DETECTION,A4_T01_abcdefg_M_a2_seed46_b24.png,46
T01_abcdefg_Q,T01,abcdefg,7,Q,2,A2_RANDOM,32,32,21,0.5578,NO_DETECTION,A4_T01_abcdefg_Q_a2_seed42_b32.png,42
T01_abcdefg_Q,T01,abcdefg,7,Q,2,A2_RANDOM,32,32,18,0.5578,NO_DETECTION,A4_T01_abcdefg_Q_a2_seed43_b32.png,43
T01_abcdefg_Q,T01,abcdefg,7,Q,2,A2_RANDOM,32,32,18,0.5578,NO_DETECTION,A4_T01_abcdefg_Q_a2_seed44_b32.png,44
T01_abcdefg_Q,T01,abcdefg,7,Q,2,A2_RANDOM,32,32,20,0.5578,NO_DETECTION,A4_T01_abcdefg_Q_a2_seed45_b32.png,45
T01_abcdefg_Q,T01,abcdefg,7,Q,2,A2_RANDOM,32,32,19,0.5578,NO_DETECTION,A4_T01_abcdefg_Q_a2_seed46_b32.png,46
T01_abcdefg_H,T01,abcdefg,7,H,1,A2_RANDOM,40,40,23,0.5805,NO_DETECTION,A4_T01_abcdefg_H_a2_seed42_b40.png,42
T01_abcdefg_H,T01,abcdefg,7,H,1,A2_RANDOM,40,40,20,0.5805,NO_DETECTION,A4_T01_abcdefg_H_a2_seed43_b40.png,43
T01_abcdefg_H,T01,abcdefg,7,H,1,A2_RANDOM,40,40,22,0.5805,NO_DETECTION,A4_T01_abcdefg_H_a2_seed44_b40.png,44
T01_abcdefg_H,T01,abcdefg,7,H,1,A2_RANDOM,40,40,21,0.5805,NO_DETECTION,A4_T01_abcdefg_H_a2_seed45_b40.png,45
T01_abcdefg_H,T01,abcdefg,7,H,1,A2_RANDOM,40,40,22,0.5805,NO_DETECTION,A4_T01_abcdefg_H_a2_seed46_b40.png,46
T02_a_L,T02,a,1,L,2,A2_RANDOM,16,16,14,0.5306,NO_DETECTION,A4_T02_a_L_a2_seed42_b16.png,42
T02_a_L,T02,a,1,L,2,A2_RANDOM,16,16,12,0.5306,NO_DETECTION,A4_T02_a_L_a2_seed43_b16.png,43
T02_a_L,T02,a,1,L,2,A2_RANDOM,16,16,12,0.5306,NO_DETECTION,A4_T02_a_L_a2_seed44_b16.png,44
T02_a_L,T02,a,1,L,2,A2_RANDOM,16,16,14,0.5306,NO_DETECTION,A4_T02_a_L_a2_seed45_b16.png,45
T02_a_L,T02,a,1,L,2,A2_RANDOM,16,16,13,0.5306,NO_DETECTION,A4_T02_a_L_a2_seed46_b16.png,46
T02_a_M,T02,a,1,M,2,A2_RANDOM,24,24,17,0.5624,NO_DETECTION,A4_T02_a_M_a2_seed42_b24.png,42
T02_a_M,T02,a,1,M,2,A2_RANDOM,24,24,15,0.5624,NO_DETECTION,A4_T02_a_M_a2_seed43_b24.png,43
T02_a_M,T02,a,1,M,2,A2_RANDOM,24,24,17,0.5624,NO_DETECTION,A4_T02_a_M_a2_seed44_b24.png,44
T02_a_M,T02,a,1,M,2,A2_RANDOM,24,24,17,0.5624,NO_DETECTION,A4_T02_a_M_a2_seed45_b24.png,45
T02_a_M,T02,a,1,M,2,A2_RANDOM,24,24,19,0.5624,NO_DETECTION,A4_T02_a_M_a2_seed46_b24.png,46
T02_a_Q,T02,a,1,Q,0,A2_RANDOM,24,24,20,0.5624,NO_DETECTION,A4_T02_a_Q_a2_seed42_b24.png,42
T02_a_Q,T02,a,1,Q,0,A2_RANDOM,24,24,16,0.5624,NO_DETECTION,A4_T02_a_Q_a2_seed43_b24.png,43
T02_a_Q,T02,a,1,Q,0,A2_RANDOM,24,24,16,0.5624,NO_DETECTION,A4_T02_a_Q_a2_seed44_b24.png,44
T02_a_Q,T02,a,1,Q,0,A2_RANDOM,24,24,16,0.5624,NO_DETECTION,A4_T02_a_Q_a2_seed45_b24.png,45
T02_a_Q,T02,a,1,Q,0,A2_RANDOM,24,24,17,0.5624,NO_DETECTION,A4_T02_a_Q_a2_seed46_b24.png,46
T02_a_H,T02,a,1,H,7,A2_RANDOM,32,32,20,0.5896,NO_DETECTION,A4_T02_a_H_a2_seed42_b32.png,42
T02_a_H,T02,a,1,H,7,A2_RANDOM,32,32,21,0.5896,NO_DETECTION,A4_T02_a_H_a2_seed43_b32.png,43
T02_a_H,T02,a,1,H,7,A2_RANDOM,32,32,22,0.5896,NO_DETECTION,A4_T02_a_H_a2_seed44_b32.png,44
T02_a_H,T02,a,1,H,7,A2_RANDOM,32,32,21,0.5896,NO_DETECTION,A4_T02_a_H_a2_seed45_b32.png,45
T02_a_H,T02,a,1,H,7,A2_RANDOM,32,32,20,0.5896,NO_DETECTION,A4_T02_a_H_a2_seed46_b32.png,46
T02_g-co_L,T02,g.co,4,L,3,A2_RANDOM,16,16,12,0.5442,NO_DETECTION,A4_T02_g-co_L_a2_seed42_b16.png,42
T02_g-co_L,T02,g.co,4,L,3,A2_RANDOM,16,16,13,0.5442,NO_DETECTION,A4_T02_g-co_L_a2_seed43_b16.png,43
T02_g-co_L,T02,g.co,4,L,3,A2_RANDOM,16,16,14,0.5442,NO_DETECTION,A4_T02_g-co_L_a2_seed44_b16.png,44
T02_g-co_L,T02,g.co,4,L,3,A2_RANDOM,16,16,13,0.5442,NO_DETECTION,A4_T02_g-co_L_a2_seed45_b16.png,45
T02_g-co_L,T02,g.co,4,L,3,A2_RANDOM,16,16,14,0.5442,NO_DETECTION,A4_T02_g-co_L_a2_seed46_b16.png,46
T02_g-co_M,T02,g.co,4,M,1,A2_RANDOM,24,24,18,0.5624,NO_DETECTION,A4_T02_g-co_M_a2_seed42_b24.png,42
T02_g-co_M,T02,g.co,4,M,1,A2_RANDOM,24,24,18,0.5624,NO_DETECTION,A4_T02_g-co_M_a2_seed43_b24.png,43
T02_g-co_M,T02,g.co,4,M,1,A2_RANDOM,24,24,16,0.5624,NO_DETECTION,A4_T02_g-co_M_a2_seed44_b24.png,44
T02_g-co_M,T02,g.co,4,M,1,A2_RANDOM,24,24,17,0.5624,NO_DETECTION,A4_T02_g-co_M_a2_seed45_b24.png,45
T02_g-co_M,T02,g.co,4,M,1,A2_RANDOM,24,24,15,0.5624,NO_DETECTION,A4_T02_g-co_M_a2_seed46_b24.png,46
T02_g-co_Q,T02,g.co,4,Q,2,A2_RANDOM,24,24,19,0.5578,NO_DETECTION,A4_T02_g-co_Q_a2_seed42_b24.png,42
T02_g-co_Q,T02,g.co,4,Q,2,A2_RANDOM,24,24,17,0.5578,NO_DETECTION,A4_T02_g-co_Q_a2_seed43_b24.png,43
T02_g-co_Q,T02,g.co,4,Q,2,A2_RANDOM,24,24,18,0.5578,NO_DETECTION,A4_T02_g-co_Q_a2_seed44_b24.png,44
T02_g-co_Q,T02,g.co,4,Q,2,A2_RANDOM,24,24,16,0.5578,NO_DETECTION,A4_T02_g-co_Q_a2_seed45_b24.png,45
T02_g-co_Q,T02,g.co,4,Q,2,A2_RANDOM,24,24,14,0.5578,NO_DETECTION,A4_T02_g-co_Q_a2_seed46_b24.png,46
T02_g-co_H,T02,g.co,4,H,6,A2_RANDOM,40,40,21,0.6122,NO_DETECTION,A4_T02_g-co_H_a2_seed42_b40.png,42
T02_g-co_H,T02,g.co,4,H,6,A2_RANDOM,40,40,22,0.6122,NO_DETECTION,A4_T02_g-co_H_a2_seed43_b40.png,43
T02_g-co_H,T02,g.co,4,H,6,A2_RANDOM,40,40,22,0.6122,NO_DETECTION,A4_T02_g-co_H_a2_seed44_b40.png,44
T02_g-co_H,T02,g.co,4,H,6,A2_RANDOM,40,40,21,0.6122,NO_DETECTION,A4_T02_g-co_H_a2_seed45_b40.png,45
T02_g-co_H,T02,g.co,4,H,6,A2_RANDOM,40,40,21,0.6122,NO_DETECTION,A4_T02_g-co_H_a2_seed46_b40.png,46
T02_abcdefg_L,T02,abcdefg,7,L,3,A2_RANDOM,20,20,15,0.5488,NO_DETECTION,A4_T02_abcdefg_L_a2_seed42_b20.png,42
T02_abcdefg_L,T02,abcdefg,7,L,3,A2_RANDOM,20,20,16,0.5488,NO_DETECTION,A4_T02_abcdefg_L_a2_seed43_b20.png,43
T02_abcdefg_L,T02,abcdefg,7,L,3,A2_RANDOM,20,20,16,0.5488,NO_DETECTION,A4_T02_abcdefg_L_a2_seed44_b20.png,44
T02_abcdefg_L,T02,abcdefg,7,L,3,A2_RANDOM,20,20,15,0.5488,NO_DETECTION,A4_T02_abcdefg_L_a2_seed45_b20.png,45
T02_abcdefg_L,T02,abcdefg,7,L,3,A2_RANDOM,20,20,18,0.5488,NO_DETECTION,A4_T02_abcdefg_L_a2_seed46_b20.png,46
T02_abcdefg_M,T02,abcdefg,7,M,0,A2_RANDOM,24,24,15,0.5669,NO_DETECTION,A4_T02_abcdefg_M_a2_seed42_b24.png,42
T02_abcdefg_M,T02,abcdefg,7,M,0,A2_RANDOM,24,24,15,0.5669,NO_DETECTION,A4_T02_abcdefg_M_a2_seed43_b24.png,43
T02_abcdefg_M,T02,abcdefg,7,M,0,A2_RANDOM,24,24,15,0.5669,NO_DETECTION,A4_T02_abcdefg_M_a2_seed44_b24.png,44
T02_abcdefg_M,T02,abcdefg,7,M,0,A2_RANDOM,24,24,15,0.5669,NO_DETECTION,A4_T02_abcdefg_M_a2_seed45_b24.png,45
T02_abcdefg_M,T02,abcdefg,7,M,0,A2_RANDOM,24,24,14,0.5669,NO_DETECTION,A4_T02_abcdefg_M_a2_seed46_b24.png,46
T02_abcdefg_Q,T02,abcdefg,7,Q,3,A2_RANDOM,24,24,18,0.5714,NO_DETECTION,A4_T02_abcdefg_Q_a2_seed42_b24.png,42
T02_abcdefg_Q,T02,abcdefg,7,Q,3,A2_RANDOM,24,24,16,0.5714,NO_DETECTION,A4_T02_abcdefg_Q_a2_seed43_b24.png,43
T02_abcdefg_Q,T02,abcdefg,7,Q,3,A2_RANDOM,24,24,18,0.5714,NO_DETECTION,A4_T02_abcdefg_Q_a2_seed44_b24.png,44
T02_abcdefg_Q,T02,abcdefg,7,Q,3,A2_RANDOM,24,24,18,0.5714,NO_DETECTION,A4_T02_abcdefg_Q_a2_seed45_b24.png,45
T02_abcdefg_Q,T02,abcdefg,7,Q,3,A2_RANDOM,24,24,17,0.5714,NO_DETECTION,A4_T02_abcdefg_Q_a2_seed46_b24.png,46
T02_abcdefg_H,T02,abcdefg,7,H,6,A2_RANDOM,32,32,22,0.5941,NO_DETECTION,A4_T02_abcdefg_H_a2_seed42_b32.png,42
T02_abcdefg_H,T02,abcdefg,7,H,6,A2_RANDOM,32,32,21,0.5941,NO_DETECTION,A4_T02_abcdefg_H_a2_seed43_b32.png,43
T02_abcdefg_H,T02,abcdefg,7,H,6,A2_RANDOM,32,32,17,0.5941,NO_DETECTION,A4_T02_abcdefg_H_a2_seed44_b32.png,44
T02_abcdefg_H,T02,abcdefg,7,H,6,A2_RANDOM,32,32,19,0.5941,NO_DETECTION,A4_T02_abcdefg_H_a2_seed45_b32.png,45
T02_abcdefg_H,T02,abcdefg,7,H,6,A2_RANDOM,32,32,19,0.5941,NO_DETECTION,A4_T02_abcdefg_H_a2_seed46_b32.png,46
T03_a_L,T03,a,1,L,5,A2_RANDOM,16,16,13,0.5465,NO_DETECTION,A4_T03_a_L_a2_seed42_b16.png,42
T03_a_L,T03,a,1,L,5,A2_RANDOM,16,16,13,0.5465,NO_DETECTION,A4_T03_a_L_a2_seed43_b16.png,43
T03_a_L,T03,a,1,L,5,A2_RANDOM,16,16,14,0.5465,NO_DETECTION,A4_T03_a_L_a2_seed44_b16.png,44
T03_a_L,T03,a,1,L,5,A2_RANDOM,16,16,11,0.5465,NO_DETECTION,A4_T03_a_L_a2_seed45_b16.png,45
T03_a_L,T03,a,1,L,5,A2_RANDOM,16,16,14,0.5465,NO_DETECTION,A4_T03_a_L_a2_seed46_b16.png,46
T03_a_M,T03,a,1,M,0,A2_RANDOM,24,24,18,0.5737,NO_DETECTION,A4_T03_a_M_a2_seed42_b24.png,42
T03_a_M,T03,a,1,M,0,A2_RANDOM,24,24,18,0.5737,NO_DETECTION,A4_T03_a_M_a2_seed43_b24.png,43
T03_a_M,T03,a,1,M,0,A2_RANDOM,24,24,17,0.5737,NO_DETECTION,A4_T03_a_M_a2_seed44_b24.png,44
T03_a_M,T03,a,1,M,0,A2_RANDOM,24,24,20,0.5737,NO_DETECTION,A4_T03_a_M_a2_seed45_b24.png,45
T03_a_M,T03,a,1,M,0,A2_RANDOM,24,24,15,0.5737,NO_DETECTION,A4_T03_a_M_a2_seed46_b24.png,46
T03_a_Q,T03,a,1,Q,4,A2_RANDOM,24,24,18,0.5556,NO_DETECTION,A4_T03_a_Q_a2_seed42_b24.png,42
T03_a_Q,T03,a,1,Q,4,A2_RANDOM,24,24,17,0.5556,NO_DETECTION,A4_T03_a_Q_a2_seed43_b24.png,43
T03_a_Q,T03,a,1,Q,4,A2_RANDOM,24,24,16,0.5556,NO_DETECTION,A4_T03_a_Q_a2_seed44_b24.png,44
T03_a_Q,T03,a,1,Q,4,A2_RANDOM,24,24,16,0.5556,NO_DETECTION,A4_T03_a_Q_a2_seed45_b24.png,45
T03_a_Q,T03,a,1,Q,4,A2_RANDOM,24,24,17,0.5556,NO_DETECTION,A4_T03_a_Q_a2_seed46_b24.png,46
T03_a_H,T03,a,1,H,0,A2_RANDOM,40,40,22,0.5964,NO_DETECTION,A4_T03_a_H_a2_seed42_b40.png,42
T03_a_H,T03,a,1,H,0,A2_RANDOM,40,40,23,0.5964,NO_DETECTION,A4_T03_a_H_a2_seed43_b40.png,43
T03_a_H,T03,a,1,H,0,A2_RANDOM,40,40,23,0.5964,NO_DETECTION,A4_T03_a_H_a2_seed44_b40.png,44
T03_a_H,T03,a,1,H,0,A2_RANDOM,40,40,20,0.5964,NO_DETECTION,A4_T03_a_H_a2_seed45_b40.png,45
T03_a_H,T03,a,1,H,0,A2_RANDOM,40,40,23,0.5964,NO_DETECTION,A4_T03_a_H_a2_seed46_b40.png,46
T03_g-co_L,T03,g.co,4,L,2,A2_RANDOM,16,16,12,0.5465,NO_DETECTION,A4_T03_g-co_L_a2_seed42_b16.png,42
T03_g-co_L,T03,g.co,4,L,2,A2_RANDOM,16,16,11,0.5465,NO_DETECTION,A4_T03_g-co_L_a2_seed43_b16.png,43
T03_g-co_L,T03,g.co,4,L,2,A2_RANDOM,16,16,11,0.5465,NO_DETECTION,A4_T03_g-co_L_a2_seed44_b16.png,44
T03_g-co_L,T03,g.co,4,L,2,A2_RANDOM,16,16,13,0.5465,NO_DETECTION,A4_T03_g-co_L_a2_seed45_b16.png,45
T03_g-co_L,T03,g.co,4,L,2,A2_RANDOM,16,16,11,0.5465,NO_DETECTION,A4_T03_g-co_L_a2_seed46_b16.png,46
T03_g-co_M,T03,g.co,4,M,1,A2_RANDOM,24,24,17,0.5646,NO_DETECTION,A4_T03_g-co_M_a2_seed42_b24.png,42
T03_g-co_M,T03,g.co,4,M,1,A2_RANDOM,24,24,17,0.5646,NO_DETECTION,A4_T03_g-co_M_a2_seed43_b24.png,43
T03_g-co_M,T03,g.co,4,M,1,A2_RANDOM,24,24,14,0.5646,NO_DETECTION,A4_T03_g-co_M_a2_seed44_b24.png,44
T03_g-co_M,T03,g.co,4,M,1,A2_RANDOM,24,24,15,0.5646,NO_DETECTION,A4_T03_g-co_M_a2_seed45_b24.png,45
T03_g-co_M,T03,g.co,4,M,1,A2_RANDOM,24,24,18,0.5646,NO_DETECTION,A4_T03_g-co_M_a2_seed46_b24.png,46
T03_g-co_Q,T03,g.co,4,Q,1,A2_RANDOM,32,32,20,0.6145,NO_DETECTION,A4_T03_g-co_Q_a2_seed42_b32.png,42
T03_g-co_Q,T03,g.co,4,Q,1,A2_RANDOM,32,32,18,0.6145,NO_DETECTION,A4_T03_g-co_Q_a2_seed43_b32.png,43
T03_g-co_Q,T03,g.co,4,Q,1,A2_RANDOM,32,32,16,0.6145,NO_DETECTION,A4_T03_g-co_Q_a2_seed44_b32.png,44
T03_g-co_Q,T03,g.co,4,Q,1,A2_RANDOM,32,32,20,0.6145,NO_DETECTION,A4_T03_g-co_Q_a2_seed45_b32.png,45
T03_g-co_Q,T03,g.co,4,Q,1,A2_RANDOM,32,32,19,0.6145,NO_DETECTION,A4_T03_g-co_Q_a2_seed46_b32.png,46
T03_g-co_H,T03,g.co,4,H,5,A2_RANDOM,40,40,23,0.6145,NO_DETECTION,A4_T03_g-co_H_a2_seed42_b40.png,42
T03_g-co_H,T03,g.co,4,H,5,A2_RANDOM,40,40,22,0.6145,NO_DETECTION,A4_T03_g-co_H_a2_seed43_b40.png,43
T03_g-co_H,T03,g.co,4,H,5,A2_RANDOM,40,40,22,0.6145,NO_DETECTION,A4_T03_g-co_H_a2_seed44_b40.png,44
T03_g-co_H,T03,g.co,4,H,5,A2_RANDOM,40,40,25,0.6145,NO_DETECTION,A4_T03_g-co_H_a2_seed45_b40.png,45
T03_g-co_H,T03,g.co,4,H,5,A2_RANDOM,40,40,23,0.6145,NO_DETECTION,A4_T03_g-co_H_a2_seed46_b40.png,46
T03_abcdefg_L,T03,abcdefg,7,L,5,A2_RANDOM,16,16,13,0.542,NO_DETECTION,A4_T03_abcdefg_L_a2_seed42_b16.png,42
T03_abcdefg_L,T03,abcdefg,7,L,5,A2_RANDOM,16,16,12,0.542,NO_DETECTION,A4_T03_abcdefg_L_a2_seed43_b16.png,43
T03_abcdefg_L,T03,abcdefg,7,L,5,A2_RANDOM,16,16,13,0.542,NO_DETECTION,A4_T03_abcdefg_L_a2_seed44_b16.png,44
T03_abcdefg_L,T03,abcdefg,7,L,5,A2_RANDOM,16,16,12,0.542,NO_DETECTION,A4_T03_abcdefg_L_a2_seed45_b16.png,45
T03_abcdefg_L,T03,abcdefg,7,L,5,A2_RANDOM,16,16,12,0.542,NO_DETECTION,A4_T03_abcdefg_L_a2_seed46_b16.png,46
T03_abcdefg_M,T03,abcdefg,7,M,7,A2_RANDOM,24,24,19,0.5692,NO_DETECTION,A4_T03_abcdefg_M_a2_seed42_b24.png,42
T03_abcdefg_M,T03,abcdefg,7,M,7,A2_RANDOM,24,24,18,0.5692,NO_DETECTION,A4_T03_abcdefg_M_a2_seed43_b24.png,43
T03_abcdefg_M,T03,abcdefg,7,M,7,A2_RANDOM,24,24,16,0.5692,NO_DETECTION,A4_T03_abcdefg_M_a2_seed44_b24.png,44
T03_abcdefg_M,T03,abcdefg,7,M,7,A2_RANDOM,24,24,16,0.5692,NO_DETECTION,A4_T03_abcdefg_M_a2_seed45_b24.png,45
T03_abcdefg_M,T03,abcdefg,7,M,7,A2_RANDOM,24,24,19,0.5692,NO_DETECTION,A4_T03_abcdefg_M_a2_seed46_b24.png,46
T03_abcdefg_Q,T03,abcdefg,7,Q,5,A2_RANDOM,32,32,18,0.5918,NO_DETECTION,A4_T03_abcdefg_Q_a2_seed42_b32.png,42
T03_abcdefg_Q,T03,abcdefg,7,Q,5,A2_RANDOM,32,32,20,0.5918,NO_DETECTION,A4_T03_abcdefg_Q_a2_seed43_b32.png,43
T03_abcdefg_Q,T03,abcdefg,7,Q,5,A2_RANDOM,32,32,20,0.5918,NO_DETECTION,A4_T03_abcdefg_Q_a2_seed44_b32.png,44
T03_abcdefg_Q,T03,abcdefg,7,Q,5,A2_RANDOM,32,32,19,0.5918,NO_DETECTION,A4_T03_abcdefg_Q_a2_seed45_b32.png,45
T03_abcdefg_Q,T03,abcdefg,7,Q,5,A2_RANDOM,32,32,18,0.5918,NO_DETECTION,A4_T03_abcdefg_Q_a2_seed46_b32.png,46
T03_abcdefg_H,T03,abcdefg,7,H,3,A2_RANDOM,40,40,19,0.619,NO_DETECTION,A4_T03_abcdefg_H_a2_seed42_b40.png,42
T03_abcdefg_H,T03,abcdefg,7,H,3,A2_RANDOM,40,40,22,0.619,NO_DETECTION,A4_T03_abcdefg_H_a2_seed43_b40.png,43
T03_abcdefg_H,T03,abcdefg,7,H,3,A2_RANDOM,40,40,22,0.619,NO_DETECTION,A4_T03_abcdefg_H_a2_seed44_b40.png,44
T03_abcdefg_H,T03,abcdefg,7,H,3,A2_RANDOM,40,40,23,0.619,NO_DETECTION,A4_T03_abcdefg_H_a2_seed45_b40.png,45
T03_abcdefg_H,T03,abcdefg,7,H,3,A2_RANDOM,40,40,21,0.619,NO_DETECTION,A4_T03_abcdefg_H_a2_seed46_b40.png,46
T04_a_L,T04,a,1,L,0,A2_RANDOM,16,16,15,0.5397,NO_DETECTION,A4_T04_a_L_a2_seed42_b16.png,42
T04_a_L,T04,a,1,L,0,A2_RANDOM,16,16,11,0.5397,NO_DETECTION,A4_T04_a_L_a2_seed43_b16.png,43
T04_a_L,T04,a,1,L,0,A2_RANDOM,16,16,15,0.5397,NO_DETECTION,A4_T04_a_L_a2_seed44_b16.png,44
T04_a_L,T04,a,1,L,0,A2_RANDOM,16,16,13,0.5397,NO_DETECTION,A4_T04_a_L_a2_seed45_b16.png,45
T04_a_L,T04,a,1,L,0,A2_RANDOM,16,16,10,0.5397,NO_DETECTION,A4_T04_a_L_a2_seed46_b16.png,46
T04_a_M,T04,a,1,M,3,A2_RANDOM,24,24,17,0.5669,NO_DETECTION,A4_T04_a_M_a2_seed42_b24.png,42
T04_a_M,T04,a,1,M,3,A2_RANDOM,24,24,19,0.5669,NO_DETECTION,A4_T04_a_M_a2_seed43_b24.png,43
T04_a_M,T04,a,1,M,3,A2_RANDOM,24,24,16,0.5669,NO_DETECTION,A4_T04_a_M_a2_seed44_b24.png,44
T04_a_M,T04,a,1,M,3,A2_RANDOM,24,24,17,0.5669,NO_DETECTION,A4_T04_a_M_a2_seed45_b24.png,45
T04_a_M,T04,a,1,M,3,A2_RANDOM,24,24,17,0.5669,NO_DETECTION,A4_T04_a_M_a2_seed46_b24.png,46
T04_a_Q,T04,a,1,Q,3,A2_RANDOM,32,32,19,0.585,NO_DETECTION,A4_T04_a_Q_a2_seed42_b32.png,42
T04_a_Q,T04,a,1,Q,3,A2_RANDOM,32,32,18,0.585,NO_DETECTION,A4_T04_a_Q_a2_seed43_b32.png,43
T04_a_Q,T04,a,1,Q,3,A2_RANDOM,32,32,21,0.585,NO_DETECTION,A4_T04_a_Q_a2_seed44_b32.png,44
T04_a_Q,T04,a,1,Q,3,A2_RANDOM,32,32,19,0.585,NO_DETECTION,A4_T04_a_Q_a2_seed45_b32.png,45
T04_a_Q,T04,a,1,Q,3,A2_RANDOM,32,32,19,0.585,NO_DETECTION,A4_T04_a_Q_a2_seed46_b32.png,46
T04_a_H,T04,a,1,H,3,A2_RANDOM,40,40,22,0.6122,NO_DETECTION,A4_T04_a_H_a2_seed42_b40.png,42
T04_a_H,T04,a,1,H,3,A2_RANDOM,40,40,22,0.6122,NO_DETECTION,A4_T04_a_H_a2_seed43_b40.png,43
T04_a_H,T04,a,1,H,3,A2_RANDOM,40,40,22,0.6122,NO_DETECTION,A4_T04_a_H_a2_seed44_b40.png,44
T04_a_H,T04,a,1,H,3,A2_RANDOM,40,40,21,0.6122,NO_DETECTION,A4_T04_a_H_a2_seed45_b40.png,45
T04_a_H,T04,a,1,H,3,A2_RANDOM,40,40,22,0.6122,NO_DETECTION,A4_T04_a_H_a2_seed46_b40.png,46
T04_g-co_L,T04,g.co,4,L,6,A2_RANDOM,16,16,13,0.5442,NO_DETECTION,A4_T04_g-co_L_a2_seed42_b16.png,42
T04_g-co_L,T04,g.co,4,L,6,A2_RANDOM,16,16,12,0.5442,NO_DETECTION,A4_T04_g-co_L_a2_seed43_b16.png,43
T04_g-co_L,T04,g.co,4,L,6,A2_RANDOM,16,16,13,0.5442,NO_DETECTION,A4_T04_g-co_L_a2_seed44_b16.png,44
T04_g-co_L,T04,g.co,4,L,6,A2_RANDOM,16,16,11,0.5442,NO_DETECTION,A4_T04_g-co_L_a2_seed45_b16.png,45
T04_g-co_L,T04,g.co,4,L,6,A2_RANDOM,16,16,13,0.5442,NO_DETECTION,A4_T04_g-co_L_a2_seed46_b16.png,46
T04_g-co_M,T04,g.co,4,M,7,A2_RANDOM,24,24,17,0.5805,NO_DETECTION,A4_T04_g-co_M_a2_seed42_b24.png,42
T04_g-co_M,T04,g.co,4,M,7,A2_RANDOM,24,24,14,0.5805,NO_DETECTION,A4_T04_g-co_M_a2_seed43_b24.png,43
T04_g-co_M,T04,g.co,4,M,7,A2_RANDOM,24,24,16,0.5805,NO_DETECTION,A4_T04_g-co_M_a2_seed44_b24.png,44
T04_g-co_M,T04,g.co,4,M,7,A2_RANDOM,24,24,16,0.5805,NO_DETECTION,A4_T04_g-co_M_a2_seed45_b24.png,45
T04_g-co_M,T04,g.co,4,M,7,A2_RANDOM,24,24,16,0.5805,NO_DETECTION,A4_T04_g-co_M_a2_seed46_b24.png,46
T04_g-co_Q,T04,g.co,4,Q,5,A2_RANDOM,32,32,20,0.5805,NO_DETECTION,A4_T04_g-co_Q_a2_seed42_b32.png,42
T04_g-co_Q,T04,g.co,4,Q,5,A2_RANDOM,32,32,20,0.5805,NO_DETECTION,A4_T04_g-co_Q_a2_seed43_b32.png,43
T04_g-co_Q,T04,g.co,4,Q,5,A2_RANDOM,32,32,21,0.5805,NO_DETECTION,A4_T04_g-co_Q_a2_seed44_b32.png,44
T04_g-co_Q,T04,g.co,4,Q,5,A2_RANDOM,32,32,21,0.5805,NO_DETECTION,A4_T04_g-co_Q_a2_seed45_b32.png,45
T04_g-co_Q,T04,g.co,4,Q,5,A2_RANDOM,32,32,21,0.5805,NO_DETECTION,A4_T04_g-co_Q_a2_seed46_b32.png,46
T04_g-co_H,T04,g.co,4,H,3,A2_RANDOM,40,40,23,0.5986,NO_DETECTION,A4_T04_g-co_H_a2_seed42_b40.png,42
T04_g-co_H,T04,g.co,4,H,3,A2_RANDOM,40,40,19,0.5986,NO_DETECTION,A4_T04_g-co_H_a2_seed43_b40.png,43
T04_g-co_H,T04,g.co,4,H,3,A2_RANDOM,40,40,21,0.5986,NO_DETECTION,A4_T04_g-co_H_a2_seed44_b40.png,44
T04_g-co_H,T04,g.co,4,H,3,A2_RANDOM,40,40,22,0.5986,NO_DETECTION,A4_T04_g-co_H_a2_seed45_b40.png,45
T04_g-co_H,T04,g.co,4,H,3,A2_RANDOM,40,40,22,0.5986,NO_DETECTION,A4_T04_g-co_H_a2_seed46_b40.png,46
T04_abcdefg_L,T04,abcdefg,7,L,0,A2_RANDOM,16,16,11,0.5488,NO_DETECTION,A4_T04_abcdefg_L_a2_seed42_b16.png,42
T04_abcdefg_L,T04,abcdefg,7,L,0,A2_RANDOM,16,16,9,0.5488,NO_DETECTION,A4_T04_abcdefg_L_a2_seed43_b16.png,43
T04_abcdefg_L,T04,abcdefg,7,L,0,A2_RANDOM,16,16,13,0.5488,NO_DETECTION,A4_T04_abcdefg_L_a2_seed44_b16.png,44
T04_abcdefg_L,T04,abcdefg,7,L,0,A2_RANDOM,16,16,12,0.5488,NO_DETECTION,A4_T04_abcdefg_L_a2_seed45_b16.png,45
T04_abcdefg_L,T04,abcdefg,7,L,0,A2_RANDOM,16,16,13,0.5488,NO_DETECTION,A4_T04_abcdefg_L_a2_seed46_b16.png,46
T04_abcdefg_M,T04,abcdefg,7,M,3,A2_RANDOM,24,24,18,0.5714,NO_DETECTION,A4_T04_abcdefg_M_a2_seed42_b24.png,42
T04_abcdefg_M,T04,abcdefg,7,M,3,A2_RANDOM,24,24,19,0.5714,NO_DETECTION,A4_T04_abcdefg_M_a2_seed43_b24.png,43
T04_abcdefg_M,T04,abcdefg,7,M,3,A2_RANDOM,24,24,18,0.5714,NO_DETECTION,A4_T04_abcdefg_M_a2_seed44_b24.png,44
T04_abcdefg_M,T04,abcdefg,7,M,3,A2_RANDOM,24,24,20,0.5714,NO_DETECTION,A4_T04_abcdefg_M_a2_seed45_b24.png,45
T04_abcdefg_M,T04,abcdefg,7,M,3,A2_RANDOM,24,24,16,0.5714,NO_DETECTION,A4_T04_abcdefg_M_a2_seed46_b24.png,46
T04_abcdefg_Q,T04,abcdefg,7,Q,2,A2_RANDOM,24,24,18,0.5669,NO_DETECTION,A4_T04_abcdefg_Q_a2_seed42_b24.png,42
T04_abcdefg_Q,T04,abcdefg,7,Q,2,A2_RANDOM,24,24,18,0.5669,NO_DETECTION,A4_T04_abcdefg_Q_a2_seed43_b24.png,43
T04_abcdefg_Q,T04,abcdefg,7,Q,2,A2_RANDOM,24,24,15,0.5669,NO_DETECTION,A4_T04_abcdefg_Q_a2_seed44_b24.png,44
T04_abcdefg_Q,T04,abcdefg,7,Q,2,A2_RANDOM,24,24,17,0.5669,NO_DETECTION,A4_T04_abcdefg_Q_a2_seed45_b24.png,45
T04_abcdefg_Q,T04,abcdefg,7,Q,2,A2_RANDOM,24,24,19,0.5669,NO_DETECTION,A4_T04_abcdefg_Q_a2_seed46_b24.png,46
T04_abcdefg_H,T04,abcdefg,7,H,3,A2_RANDOM,32,32,18,0.6168,NO_DETECTION,A4_T04_abcdefg_H_a2_seed42_b32.png,42
T04_abcdefg_H,T04,abcdefg,7,H,3,A2_RANDOM,32,32,19,0.6168,NO_DETECTION,A4_T04_abcdefg_H_a2_seed43_b32.png,43
T04_abcdefg_H,T04,abcdefg,7,H,3,A2_RANDOM,32,32,23,0.6168,NO_DETECTION,A4_T04_abcdefg_H_a2_seed44_b32.png,44
T04_abcdefg_H,T04,abcdefg,7,H,3,A2_RANDOM,32,32,19,0.6168,NO_DETECTION,A4_T04_abcdefg_H_a2_seed45_b32.png,45
T04_abcdefg_H,T04,abcdefg,7,H,3,A2_RANDOM,32,32,22,0.6168,NO_DETECTION,A4_T04_abcdefg_H_a2_seed46_b32.png,46
T05_a_L,T05,a,1,L,6,A2_RANDOM,20,20,17,0.5442,NO_DETECTION,A4_T05_a_L_a2_seed42_b20.png,42
T05_a_L,T05,a,1,L,6,A2_RANDOM,20,20,15,0.5442,NO_DETECTION,A4_T05_a_L_a2_seed43_b20.png,43
T05_a_L,T05,a,1,L,6,A2_RANDOM,20,20,16,0.5442,NO_DETECTION,A4_T05_a_L_a2_seed44_b20.png,44
T05_a_L,T05,a,1,L,6,A2_RANDOM,20,20,12,0.5442,NO_DETECTION,A4_T05_a_L_a2_seed45_b20.png,45
T05_a_L,T05,a,1,L,6,A2_RANDOM,20,20,15,0.5442,NO_DETECTION,A4_T05_a_L_a2_seed46_b20.png,46
T05_a_M,T05,a,1,M,3,A2_RANDOM,24,24,18,0.5578,NO_DETECTION,A4_T05_a_M_a2_seed42_b24.png,42
T05_a_M,T05,a,1,M,3,A2_RANDOM,24,24,16,0.5578,NO_DETECTION,A4_T05_a_M_a2_seed43_b24.png,43
T05_a_M,T05,a,1,M,3,A2_RANDOM,24,24,16,0.5578,NO_DETECTION,A4_T05_a_M_a2_seed44_b24.png,44
T05_a_M,T05,a,1,M,3,A2_RANDOM,24,24,17,0.5578,NO_DETECTION,A4_T05_a_M_a2_seed45_b24.png,45
T05_a_M,T05,a,1,M,3,A2_RANDOM,24,24,16,0.5578,NO_DETECTION,A4_T05_a_M_a2_seed46_b24.png,46
T05_a_Q,T05,a,1,Q,2,A2_RANDOM,32,32,18,0.5896,NO_DETECTION,A4_T05_a_Q_a2_seed42_b32.png,42
T05_a_Q,T05,a,1,Q,2,A2_RANDOM,32,32,19,0.5896,NO_DETECTION,A4_T05_a_Q_a2_seed43_b32.png,43
T05_a_Q,T05,a,1,Q,2,A2_RANDOM,32,32,17,0.5896,NO_DETECTION,A4_T05_a_Q_a2_seed44_b32.png,44
T05_a_Q,T05,a,1,Q,2,A2_RANDOM,32,32,20,0.5896,NO_DETECTION,A4_T05_a_Q_a2_seed45_b32.png,45
T05_a_Q,T05,a,1,Q,2,A2_RANDOM,32,32,20,0.5896,NO_DETECTION,A4_T05_a_Q_a2_seed46_b32.png,46
T05_a_H,T05,a,1,H,4,A2_RANDOM,40,40,22,0.5986,NO_DETECTION,A4_T05_a_H_a2_seed42_b40.png,42
T05_a_H,T05,a,1,H,4,A2_RANDOM,40,40,23,0.5986,NO_DETECTION,A4_T05_a_H_a2_seed43_b40.png,43
T05_a_H,T05,a,1,H,4,A2_RANDOM,40,40,22,0.5986,NO_DETECTION,A4_T05_a_H_a2_seed44_b40.png,44
T05_a_H,T05,a,1,H,4,A2_RANDOM,40,40,23,0.5986,NO_DETECTION,A4_T05_a_H_a2_seed45_b40.png,45
T05_a_H,T05,a,1,H,4,A2_RANDOM,40,40,19,0.5986,NO_DETECTION,A4_T05_a_H_a2_seed46_b40.png,46
T05_g-co_L,T05,g.co,4,L,2,A2_RANDOM,16,16,15,0.5306,NO_DETECTION,A4_T05_g-co_L_a2_seed42_b16.png,42
T05_g-co_L,T05,g.co,4,L,2,A2_RANDOM,16,16,11,0.5306,NO_DETECTION,A4_T05_g-co_L_a2_seed43_b16.png,43
T05_g-co_L,T05,g.co,4,L,2,A2_RANDOM,16,16,12,0.5306,NO_DETECTION,A4_T05_g-co_L_a2_seed44_b16.png,44
T05_g-co_L,T05,g.co,4,L,2,A2_RANDOM,16,16,12,0.5306,NO_DETECTION,A4_T05_g-co_L_a2_seed45_b16.png,45
T05_g-co_L,T05,g.co,4,L,2,A2_RANDOM,16,16,12,0.5306,NO_DETECTION,A4_T05_g-co_L_a2_seed46_b16.png,46
T05_g-co_M,T05,g.co,4,M,7,A2_RANDOM,24,24,16,0.5714,NO_DETECTION,A4_T05_g-co_M_a2_seed42_b24.png,42
T05_g-co_M,T05,g.co,4,M,7,A2_RANDOM,24,24,15,0.5714,NO_DETECTION,A4_T05_g-co_M_a2_seed43_b24.png,43
T05_g-co_M,T05,g.co,4,M,7,A2_RANDOM,24,24,16,0.5714,NO_DETECTION,A4_T05_g-co_M_a2_seed44_b24.png,44
T05_g-co_M,T05,g.co,4,M,7,A2_RANDOM,24,24,18,0.5714,NO_DETECTION,A4_T05_g-co_M_a2_seed45_b24.png,45
T05_g-co_M,T05,g.co,4,M,7,A2_RANDOM,24,24,21,0.5714,NO_DETECTION,A4_T05_g-co_M_a2_seed46_b24.png,46
T05_g-co_Q,T05,g.co,4,Q,5,A2_RANDOM,32,32,18,0.5986,NO_DETECTION,A4_T05_g-co_Q_a2_seed42_b32.png,42
T05_g-co_Q,T05,g.co,4,Q,5,A2_RANDOM,32,32,18,0.5986,NO_DETECTION,A4_T05_g-co_Q_a2_seed43_b32.png,43
T05_g-co_Q,T05,g.co,4,Q,5,A2_RANDOM,32,32,22,0.5986,NO_DETECTION,A4_T05_g-co_Q_a2_seed44_b32.png,44
T05_g-co_Q,T05,g.co,4,Q,5,A2_RANDOM,32,32,18,0.5986,NO_DETECTION,A4_T05_g-co_Q_a2_seed45_b32.png,45
T05_g-co_Q,T05,g.co,4,Q,5,A2_RANDOM,32,32,20,0.5986,NO_DETECTION,A4_T05_g-co_Q_a2_seed46_b32.png,46
T05_g-co_H,T05,g.co,4,H,5,A2_RANDOM,32,32,22,0.5896,NO_DETECTION,A4_T05_g-co_H_a2_seed42_b32.png,42
T05_g-co_H,T05,g.co,4,H,5,A2_RANDOM,32,32,18,0.5896,NO_DETECTION,A4_T05_g-co_H_a2_seed43_b32.png,43
T05_g-co_H,T05,g.co,4,H,5,A2_RANDOM,32,32,21,0.5896,NO_DETECTION,A4_T05_g-co_H_a2_seed44_b32.png,44
T05_g-co_H,T05,g.co,4,H,5,A2_RANDOM,32,32,22,0.5896,NO_DETECTION,A4_T05_g-co_H_a2_seed45_b32.png,45
T05_g-co_H,T05,g.co,4,H,5,A2_RANDOM,32,32,20,0.5896,NO_DETECTION,A4_T05_g-co_H_a2_seed46_b32.png,46
T05_abcdefg_L,T05,abcdefg,7,L,2,A2_RANDOM,16,16,11,0.5397,NO_DETECTION,A4_T05_abcdefg_L_a2_seed42_b16.png,42
T05_abcdefg_L,T05,abcdefg,7,L,2,A2_RANDOM,16,16,12,0.5397,NO_DETECTION,A4_T05_abcdefg_L_a2_seed43_b16.png,43
T05_abcdefg_L,T05,abcdefg,7,L,2,A2_RANDOM,16,16,11,0.5397,NO_DETECTION,A4_T05_abcdefg_L_a2_seed44_b16.png,44
T05_abcdefg_L,T05,abcdefg,7,L,2,A2_RANDOM,16,16,11,0.5397,NO_DETECTION,A4_T05_abcdefg_L_a2_seed45_b16.png,45
T05_abcdefg_L,T05,abcdefg,7,L,2,A2_RANDOM,16,16,13,0.5397,NO_DETECTION,A4_T05_abcdefg_L_a2_seed46_b16.png,46
T05_abcdefg_M,T05,abcdefg,7,M,5,A2_RANDOM,24,24,17,0.576,NO_DETECTION,A4_T05_abcdefg_M_a2_seed42_b24.png,42
T05_abcdefg_M,T05,abcdefg,7,M,5,A2_RANDOM,24,24,17,0.576,NO_DETECTION,A4_T05_abcdefg_M_a2_seed43_b24.png,43
T05_abcdefg_M,T05,abcdefg,7,M,5,A2_RANDOM,24,24,20,0.576,NO_DETECTION,A4_T05_abcdefg_M_a2_seed44_b24.png,44
T05_abcdefg_M,T05,abcdefg,7,M,5,A2_RANDOM,24,24,16,0.576,NO_DETECTION,A4_T05_abcdefg_M_a2_seed45_b24.png,45
T05_abcdefg_M,T05,abcdefg,7,M,5,A2_RANDOM,24,24,15,0.576,NO_DETECTION,A4_T05_abcdefg_M_a2_seed46_b24.png,46
T05_abcdefg_Q,T05,abcdefg,7,Q,1,A2_RANDOM,32,32,18,0.585,NO_DETECTION,A4_T05_abcdefg_Q_a2_seed42_b32.png,42
T05_abcdefg_Q,T05,abcdefg,7,Q,1,A2_RANDOM,32,32,19,0.585,NO_DETECTION,A4_T05_abcdefg_Q_a2_seed43_b32.png,43
T05_abcdefg_Q,T05,abcdefg,7,Q,1,A2_RANDOM,32,32,19,0.585,NO_DETECTION,A4_T05_abcdefg_Q_a2_seed44_b32.png,44
T05_abcdefg_Q,T05,abcdefg,7,Q,1,A2_RANDOM,32,32,21,0.585,NO_DETECTION,A4_T05_abcdefg_Q_a2_seed45_b32.png,45
T05_abcdefg_Q,T05,abcdefg,7,Q,1,A2_RANDOM,32,32,19,0.585,NO_DETECTION,A4_T05_abcdefg_Q_a2_seed46_b32.png,46
T05_abcdefg_H,T05,abcdefg,7,H,3,A2_RANDOM,40,40,23,0.6122,NO_DETECTION,A4_T05_abcdefg_H_a2_seed42_b40.png,42
T05_abcdefg_H,T05,abcdefg,7,H,3,A2_RANDOM,40,40,19,0.6122,NO_DETECTION,A4_T05_abcdefg_H_a2_seed43_b40.png,43
T05_abcdefg_H,T05,abcdefg,7,H,3,A2_RANDOM,40,40,24,0.6122,NO_DETECTION,A4_T05_abcdefg_H_a2_seed44_b40.png,44
T05_abcdefg_H,T05,abcdefg,7,H,3,A2_RANDOM,40,40,24,0.6122,NO_DETECTION,A4_T05_abcdefg_H_a2_seed45_b40.png,45
T05_abcdefg_H,T05,abcdefg,7,H,3,A2_RANDOM,40,40,23,0.6122,NO_DETECTION,A4_T05_abcdefg_H_a2_seed46_b40.png,46
T06_a_L,T06,a,1,L,3,A2_RANDOM,20,20,14,0.585,NO_DETECTION,A4_T06_a_L_a2_seed42_b20.png,42
T06_a_L,T06,a,1,L,3,A2_RANDOM,20,20,15,0.585,NO_DETECTION,A4_T06_a_L_a2_seed43_b20.png,43
T06_a_L,T06,a,1,L,3,A2_RANDOM,20,20,15,0.585,NO_DETECTION,A4_T06_a_L_a2_seed44_b20.png,44
T06_a_L,T06,a,1,L,3,A2_RANDOM,20,20,14,0.585,NO_DETECTION,A4_T06_a_L_a2_seed45_b20.png,45
T06_a_L,T06,a,1,L,3,A2_RANDOM,20,20,14,0.585,NO_DETECTION,A4_T06_a_L_a2_seed46_b20.png,46
T06_a_M,T06,a,1,M,0,A2_RANDOM,24,24,17,0.6168,NO_DETECTION,A4_T06_a_M_a2_seed42_b24.png,42
T06_a_M,T06,a,1,M,0,A2_RANDOM,24,24,16,0.6168,NO_DETECTION,A4_T06_a_M_a2_seed43_b24.png,43
T06_a_M,T06,a,1,M,0,A2_RANDOM,24,24,17,0.6168,NO_DETECTION,A4_T06_a_M_a2_seed44_b24.png,44
T06_a_M,T06,a,1,M,0,A2_RANDOM,24,24,16,0.6168,NO_DETECTION,A4_T06_a_M_a2_seed45_b24.png,45
T06_a_M,T06,a,1,M,0,A2_RANDOM,24,24,19,0.6168,NO_DETECTION,A4_T06_a_M_a2_seed46_b24.png,46
T06_a_Q,T06,a,1,Q,3,A2_RANDOM,32,32,19,0.6213,NO_DETECTION,A4_T06_a_Q_a2_seed42_b32.png,42
T06_a_Q,T06,a,1,Q,3,A2_RANDOM,32,32,20,0.6213,NO_DETECTION,A4_T06_a_Q_a2_seed43_b32.png,43
T06_a_Q,T06,a,1,Q,3,A2_RANDOM,32,32,20,0.6213,NO_DETECTION,A4_T06_a_Q_a2_seed44_b32.png,44
T06_a_Q,T06,a,1,Q,3,A2_RANDOM,32,32,21,0.6213,NO_DETECTION,A4_T06_a_Q_a2_seed45_b32.png,45
T06_a_Q,T06,a,1,Q,3,A2_RANDOM,32,32,20,0.6213,NO_DETECTION,A4_T06_a_Q_a2_seed46_b32.png,46
T06_a_H,T06,a,1,H,7,A2_RANDOM,40,40,21,0.6531,NO_DETECTION,A4_T06_a_H_a2_seed42_b40.png,42
T06_a_H,T06,a,1,H,7,A2_RANDOM,40,40,22,0.6531,NO_DETECTION,A4_T06_a_H_a2_seed43_b40.png,43
T06_a_H,T06,a,1,H,7,A2_RANDOM,40,40,23,0.6531,NO_DETECTION,A4_T06_a_H_a2_seed44_b40.png,44
T06_a_H,T06,a,1,H,7,A2_RANDOM,40,40,22,0.6531,NO_DETECTION,A4_T06_a_H_a2_seed45_b40.png,45
T06_a_H,T06,a,1,H,7,A2_RANDOM,40,40,21,0.6531,NO_DETECTION,A4_T06_a_H_a2_seed46_b40.png,46
T06_g-co_L,T06,g.co,4,L,2,A2_RANDOM,16,16,12,0.5714,NO_DETECTION,A4_T06_g-co_L_a2_seed42_b16.png,42
T06_g-co_L,T06,g.co,4,L,2,A2_RANDOM,16,16,10,0.5714,NO_DETECTION,A4_T06_g-co_L_a2_seed43_b16.png,43
T06_g-co_L,T06,g.co,4,L,2,A2_RANDOM,16,16,14,0.5714,NO_DETECTION,A4_T06_g-co_L_a2_seed44_b16.png,44
T06_g-co_L,T06,g.co,4,L,2,A2_RANDOM,16,16,12,0.5714,NO_DETECTION,A4_T06_g-co_L_a2_seed45_b16.png,45
T06_g-co_L,T06,g.co,4,L,2,A2_RANDOM,16,16,12,0.5714,NO_DETECTION,A4_T06_g-co_L_a2_seed46_b16.png,46
T06_g-co_M,T06,g.co,4,M,1,A2_RANDOM,24,24,16,0.6168,NO_DETECTION,A4_T06_g-co_M_a2_seed42_b24.png,42
T06_g-co_M,T06,g.co,4,M,1,A2_RANDOM,24,24,14,0.6168,NO_DETECTION,A4_T06_g-co_M_a2_seed43_b24.png,43
T06_g-co_M,T06,g.co,4,M,1,A2_RANDOM,24,24,16,0.6168,NO_DETECTION,A4_T06_g-co_M_a2_seed44_b24.png,44
T06_g-co_M,T06,g.co,4,M,1,A2_RANDOM,24,24,15,0.6168,NO_DETECTION,A4_T06_g-co_M_a2_seed45_b24.png,45
T06_g-co_M,T06,g.co,4,M,1,A2_RANDOM,24,24,15,0.6168,NO_DETECTION,A4_T06_g-co_M_a2_seed46_b24.png,46
T06_g-co_Q,T06,g.co,4,Q,1,A2_RANDOM,32,32,20,0.6531,NO_DETECTION,A4_T06_g-co_Q_a2_seed42_b32.png,42
T06_g-co_Q,T06,g.co,4,Q,1,A2_RANDOM,32,32,22,0.6531,NO_DETECTION,A4_T06_g-co_Q_a2_seed43_b32.png,43
T06_g-co_Q,T06,g.co,4,Q,1,A2_RANDOM,32,32,17,0.6531,NO_DETECTION,A4_T06_g-co_Q_a2_seed44_b32.png,44
T06_g-co_Q,T06,g.co,4,Q,1,A2_RANDOM,32,32,19,0.6531,NO_DETECTION,A4_T06_g-co_Q_a2_seed45_b32.png,45
T06_g-co_Q,T06,g.co,4,Q,1,A2_RANDOM,32,32,20,0.6531,NO_DETECTION,A4_T06_g-co_Q_a2_seed46_b32.png,46
T06_g-co_H,T06,g.co,4,H,5,A2_RANDOM,40,40,20,0.6485,NO_DETECTION,A4_T06_g-co_H_a2_seed42_b40.png,42
T06_g-co_H,T06,g.co,4,H,5,A2_RANDOM,40,40,23,0.6485,NO_DETECTION,A4_T06_g-co_H_a2_seed43_b40.png,43
T06_g-co_H,T06,g.co,4,H,5,A2_RANDOM,40,40,22,0.6485,NO_DETECTION,A4_T06_g-co_H_a2_seed44_b40.png,44
T06_g-co_H,T06,g.co,4,H,5,A2_RANDOM,40,40,23,0.6485,NO_DETECTION,A4_T06_g-co_H_a2_seed45_b40.png,45
T06_g-co_H,T06,g.co,4,H,5,A2_RANDOM,40,40,23,0.6485,NO_DETECTION,A4_T06_g-co_H_a2_seed46_b40.png,46
T06_abcdefg_L,T06,abcdefg,7,L,3,A2_RANDOM,16,16,14,0.5896,NO_DETECTION,A4_T06_abcdefg_L_a2_seed42_b16.png,42
T06_abcdefg_L,T06,abcdefg,7,L,3,A2_RANDOM,16,16,13,0.5896,NO_DETECTION,A4_T06_abcdefg_L_a2_seed43_b16.png,43
T06_abcdefg_L,T06,abcdefg,7,L,3,A2_RANDOM,16,16,14,0.5896,NO_DETECTION,A4_T06_abcdefg_L_a2_seed44_b16.png,44
T06_abcdefg_L,T06,abcdefg,7,L,3,A2_RANDOM,16,16,13,0.5896,NO_DETECTION,A4_T06_abcdefg_L_a2_seed45_b16.png,45
T06_abcdefg_L,T06,abcdefg,7,L,3,A2_RANDOM,16,16,12,0.5896,NO_DETECTION,A4_T06_abcdefg_L_a2_seed46_b16.png,46
T06_abcdefg_M,T06,abcdefg,7,M,7,A2_RANDOM,24,24,18,0.6077,NO_DETECTION,A4_T06_abcdefg_M_a2_seed42_b24.png,42
T06_abcdefg_M,T06,abcdefg,7,M,7,A2_RANDOM,24,24,16,0.6077,NO_DETECTION,A4_T06_abcdefg_M_a2_seed43_b24.png,43
T06_abcdefg_M,T06,abcdefg,7,M,7,A2_RANDOM,24,24,20,0.6077,NO_DETECTION,A4_T06_abcdefg_M_a2_seed44_b24.png,44
T06_abcdefg_M,T06,abcdefg,7,M,7,A2_RANDOM,24,24,17,0.6077,NO_DETECTION,A4_T06_abcdefg_M_a2_seed45_b24.png,45
T06_abcdefg_M,T06,abcdefg,7,M,7,A2_RANDOM,24,24,18,0.6077,NO_DETECTION,A4_T06_abcdefg_M_a2_seed46_b24.png,46
T06_abcdefg_Q,T06,abcdefg,7,Q,4,A2_RANDOM,32,32,19,0.6122,NO_DETECTION,A4_T06_abcdefg_Q_a2_seed42_b32.png,42
T06_abcdefg_Q,T06,abcdefg,7,Q,4,A2_RANDOM,32,32,21,0.6122,NO_DETECTION,A4_T06_abcdefg_Q_a2_seed43_b32.png,43
T06_abcdefg_Q,T06,abcdefg,7,Q,4,A2_RANDOM,32,32,18,0.6122,NO_DETECTION,A4_T06_abcdefg_Q_a2_seed44_b32.png,44
T06_abcdefg_Q,T06,abcdefg,7,Q,4,A2_RANDOM,32,32,21,0.6122,NO_DETECTION,A4_T06_abcdefg_Q_a2_seed45_b32.png,45
T06_abcdefg_Q,T06,abcdefg,7,Q,4,A2_RANDOM,32,32,21,0.6122,NO_DETECTION,A4_T06_abcdefg_Q_a2_seed46_b32.png,46
T06_abcdefg_H,T06,abcdefg,7,H,3,A2_RANDOM,40,40,21,0.6485,NO_DETECTION,A4_T06_abcdefg_H_a2_seed42_b40.png,42
T06_abcdefg_H,T06,abcdefg,7,H,3,A2_RANDOM,40,40,21,0.6485,NO_DETECTION,A4_T06_abcdefg_H_a2_seed43_b40.png,43
T06_abcdefg_H,T06,abcdefg,7,H,3,A2_RANDOM,40,40,21,0.6485,NO_DETECTION,A4_T06_abcdefg_H_a2_seed44_b40.png,44
T06_abcdefg_H,T06,abcdefg,7,H,3,A2_RANDOM,40,40,21,0.6485,NO_DETECTION,A4_T06_abcdefg_H_a2_seed45_b40.png,45
T06_abcdefg_H,T06,abcdefg,7,H,3,A2_RANDOM,40,40,19,0.6485,NO_DETECTION,A4_T06_abcdefg_H_a2_seed46_b40.png,46
T07_a_L,T07,a,1,L,0,A2_RANDOM,16,16,12,0.6077,NO_DETECTION,A4_T07_a_L_a2_seed42_b16.png,42
T07_a_L,T07,a,1,L,0,A2_RANDOM,16,16,11,0.6077,NO_DETECTION,A4_T07_a_L_a2_seed43_b16.png,43
T07_a_L,T07,a,1,L,0,A2_RANDOM,16,16,12,0.6077,NO_DETECTION,A4_T07_a_L_a2_seed44_b16.png,44
T07_a_L,T07,a,1,L,0,A2_RANDOM,16,16,14,0.6077,NO_DETECTION,A4_T07_a_L_a2_seed45_b16.png,45
T07_a_L,T07,a,1,L,0,A2_RANDOM,16,16,13,0.6077,NO_DETECTION,A4_T07_a_L_a2_seed46_b16.png,46
T07_a_M,T07,a,1,M,2,A2_RANDOM,24,24,16,0.6304,NO_DETECTION,A4_T07_a_M_a2_seed42_b24.png,42
T07_a_M,T07,a,1,M,2,A2_RANDOM,24,24,16,0.6304,NO_DETECTION,A4_T07_a_M_a2_seed43_b24.png,43
T07_a_M,T07,a,1,M,2,A2_RANDOM,24,24,14,0.6304,NO_DETECTION,A4_T07_a_M_a2_seed44_b24.png,44
T07_a_M,T07,a,1,M,2,A2_RANDOM,24,24,17,0.6304,NO_DETECTION,A4_T07_a_M_a2_seed45_b24.png,45
T07_a_M,T07,a,1,M,2,A2_RANDOM,24,24,17,0.6304,NO_DETECTION,A4_T07_a_M_a2_seed46_b24.png,46
T07_a_Q,T07,a,1,Q,1,A2_RANDOM,24,24,16,0.6168,NO_DETECTION,A4_T07_a_Q_a2_seed42_b24.png,42
T07_a_Q,T07,a,1,Q,1,A2_RANDOM,24,24,15,0.6168,NO_DETECTION,A4_T07_a_Q_a2_seed43_b24.png,43
T07_a_Q,T07,a,1,Q,1,A2_RANDOM,24,24,16,0.6168,NO_DETECTION,A4_T07_a_Q_a2_seed44_b24.png,44
T07_a_Q,T07,a,1,Q,1,A2_RANDOM,24,24,16,0.6168,NO_DETECTION,A4_T07_a_Q_a2_seed45_b24.png,45
T07_a_Q,T07,a,1,Q,1,A2_RANDOM,24,24,14,0.6168,NO_DETECTION,A4_T07_a_Q_a2_seed46_b24.png,46
T07_a_H,T07,a,1,H,4,A2_RANDOM,32,32,24,0.6349,NO_DETECTION,A4_T07_a_H_a2_seed42_b32.png,42
T07_a_H,T07,a,1,H,4,A2_RANDOM,32,32,22,0.6349,NO_DETECTION,A4_T07_a_H_a2_seed43_b32.png,43
T07_a_H,T07,a,1,H,4,A2_RANDOM,32,32,17,0.6349,NO_DETECTION,A4_T07_a_H_a2_seed44_b32.png,44
T07_a_H,T07,a,1,H,4,A2_RANDOM,32,32,20,0.6349,NO_DETECTION,A4_T07_a_H_a2_seed45_b32.png,45
T07_a_H,T07,a,1,H,4,A2_RANDOM,32,32,22,0.6349,NO_DETECTION,A4_T07_a_H_a2_seed46_b32.png,46
T07_g-co_L,T07,g.co,4,L,0,A2_RANDOM,16,16,10,0.6168,NO_DETECTION,A4_T07_g-co_L_a2_seed42_b16.png,42
T07_g-co_L,T07,g.co,4,L,0,A2_RANDOM,16,16,14,0.6168,NO_DETECTION,A4_T07_g-co_L_a2_seed43_b16.png,43
T07_g-co_L,T07,g.co,4,L,0,A2_RANDOM,16,16,11,0.6168,NO_DETECTION,A4_T07_g-co_L_a2_seed44_b16.png,44
T07_g-co_L,T07,g.co,4,L,0,A2_RANDOM,16,16,13,0.6168,NO_DETECTION,A4_T07_g-co_L_a2_seed45_b16.png,45
T07_g-co_L,T07,g.co,4,L,0,A2_RANDOM,16,16,11,0.6168,NO_DETECTION,A4_T07_g-co_L_a2_seed46_b16.png,46
T07_g-co_M,T07,g.co,4,M,0,A2_RANDOM,24,24,16,0.6213,NO_DETECTION,A4_T07_g-co_M_a2_seed42_b24.png,42
T07_g-co_M,T07,g.co,4,M,0,A2_RANDOM,24,24,15,0.6213,NO_DETECTION,A4_T07_g-co_M_a2_seed43_b24.png,43
T07_g-co_M,T07,g.co,4,M,0,A2_RANDOM,24,24,16,0.6213,NO_DETECTION,A4_T07_g-co_M_a2_seed44_b24.png,44
T07_g-co_M,T07,g.co,4,M,0,A2_RANDOM,24,24,17,0.6213,NO_DETECTION,A4_T07_g-co_M_a2_seed45_b24.png,45
T07_g-co_M,T07,g.co,4,M,0,A2_RANDOM,24,24,18,0.6213,NO_DETECTION,A4_T07_g-co_M_a2_seed46_b24.png,46
T07_g-co_Q,T07,g.co,4,Q,0,A2_RANDOM,32,32,21,0.6168,NO_DETECTION,A4_T07_g-co_Q_a2_seed42_b32.png,42
T07_g-co_Q,T07,g.co,4,Q,0,A2_RANDOM,32,32,18,0.6168,NO_DETECTION,A4_T07_g-co_Q_a2_seed43_b32.png,43
T07_g-co_Q,T07,g.co,4,Q,0,A2_RANDOM,32,32,19,0.6168,NO_DETECTION,A4_T07_g-co_Q_a2_seed44_b32.png,44
T07_g-co_Q,T07,g.co,4,Q,0,A2_RANDOM,32,32,22,0.6168,NO_DETECTION,A4_T07_g-co_Q_a2_seed45_b32.png,45
T07_g-co_Q,T07,g.co,4,Q,0,A2_RANDOM,32,32,21,0.6168,NO_DETECTION,A4_T07_g-co_Q_a2_seed46_b32.png,46
T07_g-co_H,T07,g.co,4,H,0,A2_RANDOM,4,4,4,0.576,EXACT,A4_T07_g-co_H_a2_seed42_b4.png,42
T07_g-co_H,T07,g.co,4,H,0,A2_RANDOM,4,4,4,0.576,EXACT,A4_T07_g-co_H_a2_seed43_b4.png,43
T07_g-co_H,T07,g.co,4,H,0,A2_RANDOM,4,4,4,0.576,EXACT,A4_T07_g-co_H_a2_seed44_b4.png,44
T07_g-co_H,T07,g.co,4,H,0,A2_RANDOM,4,4,4,0.576,EXACT,A4_T07_g-co_H_a2_seed45_b4.png,45
T07_g-co_H,T07,g.co,4,H,0,A2_RANDOM,4,4,4,0.576,EXACT,A4_T07_g-co_H_a2_seed46_b4.png,46
T07_abcdefg_L,T07,abcdefg,7,L,0,A2_RANDOM,16,16,14,0.6122,NO_DETECTION,A4_T07_abcdefg_L_a2_seed42_b16.png,42
T07_abcdefg_L,T07,abcdefg,7,L,0,A2_RANDOM,16,16,10,0.6122,NO_DETECTION,A4_T07_abcdefg_L_a2_seed43_b16.png,43
T07_abcdefg_L,T07,abcdefg,7,L,0,A2_RANDOM,16,16,10,0.6122,NO_DETECTION,A4_T07_abcdefg_L_a2_seed44_b16.png,44
T07_abcdefg_L,T07,abcdefg,7,L,0,A2_RANDOM,16,16,13,0.6122,NO_DETECTION,A4_T07_abcdefg_L_a2_seed45_b16.png,45
T07_abcdefg_L,T07,abcdefg,7,L,0,A2_RANDOM,16,16,13,0.6122,NO_DETECTION,A4_T07_abcdefg_L_a2_seed46_b16.png,46
T07_abcdefg_M,T07,abcdefg,7,M,1,A2_RANDOM,24,24,17,0.6304,NO_DETECTION,A4_T07_abcdefg_M_a2_seed42_b24.png,42
T07_abcdefg_M,T07,abcdefg,7,M,1,A2_RANDOM,24,24,17,0.6304,NO_DETECTION,A4_T07_abcdefg_M_a2_seed43_b24.png,43
T07_abcdefg_M,T07,abcdefg,7,M,1,A2_RANDOM,24,24,16,0.6304,NO_DETECTION,A4_T07_abcdefg_M_a2_seed44_b24.png,44
T07_abcdefg_M,T07,abcdefg,7,M,1,A2_RANDOM,24,24,20,0.6304,NO_DETECTION,A4_T07_abcdefg_M_a2_seed45_b24.png,45
T07_abcdefg_M,T07,abcdefg,7,M,1,A2_RANDOM,24,24,17,0.6304,NO_DETECTION,A4_T07_abcdefg_M_a2_seed46_b24.png,46
T07_abcdefg_Q,T07,abcdefg,7,Q,4,A2_RANDOM,24,24,17,0.6077,NO_DETECTION,A4_T07_abcdefg_Q_a2_seed42_b24.png,42
T07_abcdefg_Q,T07,abcdefg,7,Q,4,A2_RANDOM,24,24,15,0.6077,NO_DETECTION,A4_T07_abcdefg_Q_a2_seed43_b24.png,43
T07_abcdefg_Q,T07,abcdefg,7,Q,4,A2_RANDOM,24,24,18,0.6077,NO_DETECTION,A4_T07_abcdefg_Q_a2_seed44_b24.png,44
T07_abcdefg_Q,T07,abcdefg,7,Q,4,A2_RANDOM,24,24,17,0.6077,NO_DETECTION,A4_T07_abcdefg_Q_a2_seed45_b24.png,45
T07_abcdefg_Q,T07,abcdefg,7,Q,4,A2_RANDOM,24,24,18,0.6077,NO_DETECTION,A4_T07_abcdefg_Q_a2_seed46_b24.png,46
T07_abcdefg_H,T07,abcdefg,7,H,0,A2_RANDOM,40,40,22,0.644,NO_DETECTION,A4_T07_abcdefg_H_a2_seed42_b40.png,42
T07_abcdefg_H,T07,abcdefg,7,H,0,A2_RANDOM,40,40,22,0.644,NO_DETECTION,A4_T07_abcdefg_H_a2_seed43_b40.png,43
T07_abcdefg_H,T07,abcdefg,7,H,0,A2_RANDOM,40,40,21,0.644,NO_DETECTION,A4_T07_abcdefg_H_a2_seed44_b40.png,44
T07_abcdefg_H,T07,abcdefg,7,H,0,A2_RANDOM,40,40,18,0.644,NO_DETECTION,A4_T07_abcdefg_H_a2_seed45_b40.png,45
T07_abcdefg_H,T07,abcdefg,7,H,0,A2_RANDOM,40,40,24,0.644,NO_DETECTION,A4_T07_abcdefg_H_a2_seed46_b40.png,46
T08_a_L,T08,a,1,L,3,A2_RANDOM,16,16,14,0.585,NO_DETECTION,A4_T08_a_L_a2_seed42_b16.png,42
T08_a_L,T08,a,1,L,3,A2_RANDOM,16,16,15,0.585,NO_DETECTION,A4_T08_a_L_a2_seed43_b16.png,43
T08_a_L,T08,a,1,L,3,A2_RANDOM,16,16,13,0.585,NO_DETECTION,A4_T08_a_L_a2_seed44_b16.png,44
T08_a_L,T08,a,1,L,3,A2_RANDOM,16,16,11,0.585,NO_DETECTION,A4_T08_a_L_a2_seed45_b16.png,45
T08_a_L,T08,a,1,L,3,A2_RANDOM,16,16,12,0.585,NO_DETECTION,A4_T08_a_L_a2_seed46_b16.png,46
T08_a_M,T08,a,1,M,7,A2_RANDOM,4,4,4,0.5669,EXACT,A4_T08_a_M_a2_seed42_b4.png,42
T08_a_M,T08,a,1,M,7,A2_RANDOM,4,4,4,0.5669,EXACT,A4_T08_a_M_a2_seed43_b4.png,43
T08_a_M,T08,a,1,M,7,A2_RANDOM,4,4,3,0.5669,EXACT,A4_T08_a_M_a2_seed44_b4.png,44
T08_a_M,T08,a,1,M,7,A2_RANDOM,4,4,4,0.5669,EXACT,A4_T08_a_M_a2_seed45_b4.png,45
T08_a_M,T08,a,1,M,7,A2_RANDOM,4,4,4,0.5669,EXACT,A4_T08_a_M_a2_seed46_b4.png,46
T08_a_Q,T08,a,1,Q,7,A2_RANDOM,24,24,14,0.6077,NO_DETECTION,A4_T08_a_Q_a2_seed42_b24.png,42
T08_a_Q,T08,a,1,Q,7,A2_RANDOM,24,24,16,0.6077,NO_DETECTION,A4_T08_a_Q_a2_seed43_b24.png,43
T08_a_Q,T08,a,1,Q,7,A2_RANDOM,24,24,14,0.6077,NO_DETECTION,A4_T08_a_Q_a2_seed44_b24.png,44
T08_a_Q,T08,a,1,Q,7,A2_RANDOM,24,24,13,0.6077,NO_DETECTION,A4_T08_a_Q_a2_seed45_b24.png,45
T08_a_Q,T08,a,1,Q,7,A2_RANDOM,24,24,17,0.6077,NO_DETECTION,A4_T08_a_Q_a2_seed46_b24.png,46
T08_a_H,T08,a,1,H,3,A2_RANDOM,40,40,22,0.6485,NO_DETECTION,A4_T08_a_H_a2_seed42_b40.png,42
T08_a_H,T08,a,1,H,3,A2_RANDOM,40,40,22,0.6485,NO_DETECTION,A4_T08_a_H_a2_seed43_b40.png,43
T08_a_H,T08,a,1,H,3,A2_RANDOM,40,40,22,0.6485,NO_DETECTION,A4_T08_a_H_a2_seed44_b40.png,44
T08_a_H,T08,a,1,H,3,A2_RANDOM,40,40,21,0.6485,NO_DETECTION,A4_T08_a_H_a2_seed45_b40.png,45
T08_a_H,T08,a,1,H,3,A2_RANDOM,40,40,23,0.6485,NO_DETECTION,A4_T08_a_H_a2_seed46_b40.png,46
T08_g-co_L,T08,g.co,4,L,6,A2_RANDOM,16,16,14,0.5896,NO_DETECTION,A4_T08_g-co_L_a2_seed42_b16.png,42
T08_g-co_L,T08,g.co,4,L,6,A2_RANDOM,16,16,13,0.5896,NO_DETECTION,A4_T08_g-co_L_a2_seed43_b16.png,43
T08_g-co_L,T08,g.co,4,L,6,A2_RANDOM,16,16,11,0.5896,NO_DETECTION,A4_T08_g-co_L_a2_seed44_b16.png,44
T08_g-co_L,T08,g.co,4,L,6,A2_RANDOM,16,16,14,0.5896,NO_DETECTION,A4_T08_g-co_L_a2_seed45_b16.png,45
T08_g-co_L,T08,g.co,4,L,6,A2_RANDOM,16,16,13,0.5896,NO_DETECTION,A4_T08_g-co_L_a2_seed46_b16.png,46
T08_g-co_M,T08,g.co,4,M,1,A2_RANDOM,24,24,19,0.6168,NO_DETECTION,A4_T08_g-co_M_a2_seed42_b24.png,42
T08_g-co_M,T08,g.co,4,M,1,A2_RANDOM,24,24,19,0.6168,NO_DETECTION,A4_T08_g-co_M_a2_seed43_b24.png,43
T08_g-co_M,T08,g.co,4,M,1,A2_RANDOM,24,24,16,0.6168,NO_DETECTION,A4_T08_g-co_M_a2_seed44_b24.png,44
T08_g-co_M,T08,g.co,4,M,1,A2_RANDOM,24,24,17,0.6168,NO_DETECTION,A4_T08_g-co_M_a2_seed45_b24.png,45
T08_g-co_M,T08,g.co,4,M,1,A2_RANDOM,24,24,19,0.6168,NO_DETECTION,A4_T08_g-co_M_a2_seed46_b24.png,46
T08_g-co_Q,T08,g.co,4,Q,5,A2_RANDOM,24,24,16,0.6077,NO_DETECTION,A4_T08_g-co_Q_a2_seed42_b24.png,42
T08_g-co_Q,T08,g.co,4,Q,5,A2_RANDOM,24,24,18,0.6077,NO_DETECTION,A4_T08_g-co_Q_a2_seed43_b24.png,43
T08_g-co_Q,T08,g.co,4,Q,5,A2_RANDOM,24,24,17,0.6077,NO_DETECTION,A4_T08_g-co_Q_a2_seed44_b24.png,44
T08_g-co_Q,T08,g.co,4,Q,5,A2_RANDOM,24,24,16,0.6077,NO_DETECTION,A4_T08_g-co_Q_a2_seed45_b24.png,45
T08_g-co_Q,T08,g.co,4,Q,5,A2_RANDOM,24,24,16,0.6077,NO_DETECTION,A4_T08_g-co_Q_a2_seed46_b24.png,46
T08_g-co_H,T08,g.co,4,H,3,A2_RANDOM,32,32,17,0.6304,NO_DETECTION,A4_T08_g-co_H_a2_seed42_b32.png,42
T08_g-co_H,T08,g.co,4,H,3,A2_RANDOM,32,32,19,0.6304,NO_DETECTION,A4_T08_g-co_H_a2_seed43_b32.png,43
T08_g-co_H,T08,g.co,4,H,3,A2_RANDOM,32,32,20,0.6304,NO_DETECTION,A4_T08_g-co_H_a2_seed44_b32.png,44
T08_g-co_H,T08,g.co,4,H,3,A2_RANDOM,32,32,19,0.6304,NO_DETECTION,A4_T08_g-co_H_a2_seed45_b32.png,45
T08_g-co_H,T08,g.co,4,H,3,A2_RANDOM,32,32,20,0.6304,NO_DETECTION,A4_T08_g-co_H_a2_seed46_b32.png,46
T08_abcdefg_L,T08,abcdefg,7,L,3,A2_RANDOM,16,16,14,0.5805,NO_DETECTION,A4_T08_abcdefg_L_a2_seed42_b16.png,42
T08_abcdefg_L,T08,abcdefg,7,L,3,A2_RANDOM,16,16,12,0.5805,NO_DETECTION,A4_T08_abcdefg_L_a2_seed43_b16.png,43
T08_abcdefg_L,T08,abcdefg,7,L,3,A2_RANDOM,16,16,13,0.5805,NO_DETECTION,A4_T08_abcdefg_L_a2_seed44_b16.png,44
T08_abcdefg_L,T08,abcdefg,7,L,3,A2_RANDOM,16,16,14,0.5805,NO_DETECTION,A4_T08_abcdefg_L_a2_seed45_b16.png,45
T08_abcdefg_L,T08,abcdefg,7,L,3,A2_RANDOM,16,16,12,0.5805,NO_DETECTION,A4_T08_abcdefg_L_a2_seed46_b16.png,46
T08_abcdefg_M,T08,abcdefg,7,M,7,A2_RANDOM,24,24,18,0.6213,NO_DETECTION,A4_T08_abcdefg_M_a2_seed42_b24.png,42
T08_abcdefg_M,T08,abcdefg,7,M,7,A2_RANDOM,24,24,17,0.6213,NO_DETECTION,A4_T08_abcdefg_M_a2_seed43_b24.png,43
T08_abcdefg_M,T08,abcdefg,7,M,7,A2_RANDOM,24,24,16,0.6213,NO_DETECTION,A4_T08_abcdefg_M_a2_seed44_b24.png,44
T08_abcdefg_M,T08,abcdefg,7,M,7,A2_RANDOM,24,24,18,0.6213,NO_DETECTION,A4_T08_abcdefg_M_a2_seed45_b24.png,45
T08_abcdefg_M,T08,abcdefg,7,M,7,A2_RANDOM,24,24,17,0.6213,NO_DETECTION,A4_T08_abcdefg_M_a2_seed46_b24.png,46
T08_abcdefg_Q,T08,abcdefg,7,Q,3,A2_RANDOM,24,24,17,0.6259,NO_DETECTION,A4_T08_abcdefg_Q_a2_seed42_b24.png,42
T08_abcdefg_Q,T08,abcdefg,7,Q,3,A2_RANDOM,24,24,16,0.6259,NO_DETECTION,A4_T08_abcdefg_Q_a2_seed43_b24.png,43
T08_abcdefg_Q,T08,abcdefg,7,Q,3,A2_RANDOM,24,24,14,0.6259,NO_DETECTION,A4_T08_abcdefg_Q_a2_seed44_b24.png,44
T08_abcdefg_Q,T08,abcdefg,7,Q,3,A2_RANDOM,24,24,18,0.6259,NO_DETECTION,A4_T08_abcdefg_Q_a2_seed45_b24.png,45
T08_abcdefg_Q,T08,abcdefg,7,Q,3,A2_RANDOM,24,24,17,0.6259,NO_DETECTION,A4_T08_abcdefg_Q_a2_seed46_b24.png,46
T08_abcdefg_H,T08,abcdefg,7,H,4,A2_RANDOM,40,40,25,0.644,NO_DETECTION,A4_T08_abcdefg_H_a2_seed42_b40.png,42
T08_abcdefg_H,T08,abcdefg,7,H,4,A2_RANDOM,40,40,22,0.644,NO_DETECTION,A4_T08_abcdefg_H_a2_seed43_b40.png,43
T08_abcdefg_H,T08,abcdefg,7,H,4,A2_RANDOM,40,40,20,0.644,NO_DETECTION,A4_T08_abcdefg_H_a2_seed44_b40.png,44
T08_abcdefg_H,T08,abcdefg,7,H,4,A2_RANDOM,40,40,19,0.644,NO_DETECTION,A4_T08_abcdefg_H_a2_seed45_b40.png,45
T08_abcdefg_H,T08,abcdefg,7,H,4,A2_RANDOM,40,40,22,0.644,NO_DETECTION,A4_T08_abcdefg_H_a2_seed46_b40.png,46
