config_id,target_id,target_name,target_category,payload,payload_bytes,ecc,base_mask,base_candidate_id,a1_similarity,a1_mutable_similarity,fixed_conflicts,theoretical_ceiling,eligible_mismatches,codeword_count,top4_mismatch_fraction,a3_candidate_count,base_filename
T01_a_L,T01,circle,simple,a,1,L,3,A1-L-M3,0.4807,0.5433,134,0.6961,95,26,0.2421,17,A4_T01_a_L_base.png
T01_a_M,T01,circle,simple,a,1,M,2,A1-M-M2,0.4989,0.5337,124,0.7188,97,26,0.2474,18,A4_T01_a_M_base.png
T01_a_Q,T01,circle,simple,a,1,Q,3,A1-Q-M3,0.4898,0.5721,136,0.6916,89,26,0.2472,17,A4_T01_a_Q_base.png
T01_a_H,T01,circle,simple,a,1,H,3,A1-H-M3,0.4898,0.5337,128,0.7098,97,26,0.2784,18,A4_T01_a_H_base.png
T01_g-co_L,T01,circle,simple,g.co,4,L,2,A1-L-M2,0.4717,0.5144,132,0.7007,101,26,0.2277,18,A4_T01_g-co_L_base.png
T01_g-co_M,T01,circle,simple,g.co,4,M,2,A1-M-M2,0.4898,0.5144,124,0.7188,101,26,0.2376,18,A4_T01_g-co_M_base.png
T01_g-co_Q,T01,circle,simple,g.co,4,Q,2,A1-Q-M2,0.4853,0.5337,130,0.7052,97,26,0.2268,18,A4_T01_g-co_Q_base.png
T01_g-co_H,T01,circle,simple,g.co,4,H,6,A1-H-M6,0.4943,0.5529,130,0.7052,93,26,0.2581,17,A4_T01_g-co_H_base.png
T01_abcdefg_L,T01,circle,simple,abcdefg,7,L,0,A1-L-M0,0.4807,0.524,130,0.7052,99,25,0.2626,18,A4_T01_abcdefg_L_base.png
T01_abcdefg_M,T01,circle,simple,abcdefg,7,M,3,A1-M-M3,0.4807,0.5433,134,0.6961,95,26,0.2421,17,A4_T01_abcdefg_M_base.png
T01_abcdefg_Q,T01,circle,simple,abcdefg,7,Q,2,A1-Q-M2,0.4853,0.5337,130,0.7052,97,26,0.2371,18,A4_T01_abcdefg_Q_base.png
T01_abcdefg_H,T01,circle,simple,abcdefg,7,H,1,A1-H-M1,0.4898,0.524,126,0.7143,99,26,0.2323,18,A4_T01_abcdefg_H_base.png
T02_a_L,T02,g-like,letter-like,a,1,L,2,A1-L-M2,0.4943,0.5433,128,0.7098,95,26,0.2526,17,A4_T02_a_L_base.png
T02_a_M,T02,g-like,letter-like,a,1,M,2,A1-M-M2,0.5079,0.5337,120,0.7279,97,26,0.2474,18,A4_T02_a_M_base.png
T02_a_Q,T02,g-like,letter-like,a,1,Q,0,A1-Q-M0,0.5079,0.5529,124,0.7188,93,26,0.2258,17,A4_T02_a_Q_base.png
T02_a_H,T02,g-like,letter-like,a,1,H,7,A1-H-M7,0.517,0.5721,124,0.7188,89,26,0.2247,17,A4_T02_a_H_base.png
T02_g-co_L,T02,g-like,letter-like,g.co,4,L,3,A1-L-M3,0.5079,0.5433,122,0.7234,95,26,0.2316,17,A4_T02_g-co_L_base.png
T02_g-co_M,T02,g-like,letter-like,g.co,4,M,1,A1-M-M1,0.5079,0.5721,128,0.7098,89,26,0.236,17,A4_T02_g-co_M_base.png
T02_g-co_Q,T02,g-like,letter-like,g.co,4,Q,2,A1-Q-M2,0.5034,0.5529,126,0.7143,93,26,0.2151,17,A4_T02_g-co_Q_base.png
T02_g-co_H,T02,g-like,letter-like,g.co,4,H,6,A1-H-M6,0.5215,0.5529,118,0.7324,93,26,0.2581,17,A4_T02_g-co_H_base.png
T02_abcdefg_L,T02,g-like,letter-like,abcdefg,7,L,3,A1-L-M3,0.5034,0.5337,122,0.7234,97,26,0.2577,18,A4_T02_abcdefg_L_base.png
T02_abcdefg_M,T02,g-like,letter-like,abcdefg,7,M,0,A1-M-M0,0.5125,0.5529,122,0.7234,93,25,0.2473,17,A4_T02_abcdefg_M_base.png
T02_abcdefg_Q,T02,g-like,letter-like,abcdefg,7,Q,3,A1-Q-M3,0.517,0.5721,124,0.7188,89,26,0.236,17,A4_T02_abcdefg_Q_base.png
T02_abcdefg_H,T02,g-like,letter-like,abcdefg,7,H,6,A1-H-M6,0.5215,0.5529,118,0.7324,93,26,0.2151,17,A4_T02_abcdefg_H_base.png
T03_a_L,T03,diagonal,letter-like,a,1,L,5,A1-L-M5,0.5102,0.5288,118,0.7324,98,26,0.2449,18,A4_T03_a_L_base.png
T03_a_M,T03,diagonal,letter-like,a,1,M,0,A1-M-M0,0.5193,0.5481,118,0.7324,94,26,0.234,17,A4_T03_a_M_base.png
T03_a_Q,T03,diagonal,letter-like,a,1,Q,4,A1-Q-M4,0.5011,0.5096,118,0.7324,102,26,0.1961,18,A4_T03_a_Q_base.png
T03_a_H,T03,diagonal,letter-like,a,1,H,0,A1-H-M0,0.5057,0.5192,118,0.7324,100,26,0.25,18,A4_T03_a_H_base.png
T03_g-co_L,T03,diagonal,letter-like,g.co,4,L,2,A1-L-M2,0.5102,0.5577,124,0.7188,92,26,0.2391,17,A4_T03_g-co_L_base.png
T03_g-co_M,T03,diagonal,letter-like,g.co,4,M,1,A1-M-M1,0.5102,0.5288,118,0.7324,98,26,0.2551,18,A4_T03_g-co_M_base.png
T03_g-co_Q,T03,diagonal,letter-like,g.co,4,Q,1,A1-Q-M1,0.542,0.5865,116,0.737,86,26,0.2791,17,A4_T03_g-co_Q_base.png
T03_g-co_H,T03,diagonal,letter-like,g.co,4,H,5,A1-H-M5,0.5238,0.5481,116,0.737,94,26,0.234,17,A4_T03_g-co_H_base.png
T03_abcdefg_L,T03,diagonal,letter-like,abcdefg,7,L,5,A1-L-M5,0.5057,0.5192,118,0.7324,100,26,0.24,18,A4_T03_abcdefg_L_base.png
T03_abcdefg_M,T03,diagonal,letter-like,abcdefg,7,M,7,A1-M-M7,0.5147,0.5288,116,0.737,98,26,0.2347,18,A4_T03_abcdefg_M_base.png
T03_abcdefg_Q,T03,diagonal,letter-like,abcdefg,7,Q,5,A1-Q-M5,0.5193,0.5288,114,0.7415,98,25,0.2551,18,A4_T03_abcdefg_Q_base.png
T03_abcdefg_H,T03,diagonal,letter-like,abcdefg,7,H,3,A1-H-M3,0.5283,0.5481,114,0.7415,94,26,0.266,17,A4_T03_abcdefg_H_base.png
T04_a_L,T04,triangle,geometric,a,1,L,0,A1-L-M0,0.5034,0.5144,118,0.7324,101,26,0.2277,18,A4_T04_a_L_base.png
T04_a_M,T04,triangle,geometric,a,1,M,3,A1-M-M3,0.5125,0.5529,122,0.7234,93,26,0.2258,17,A4_T04_a_M_base.png
T04_a_Q,T04,triangle,geometric,a,1,Q,3,A1-Q-M3,0.5125,0.5625,124,0.7188,91,26,0.2418,17,A4_T04_a_Q_base.png
T04_a_H,T04,triangle,geometric,a,1,H,3,A1-H-M3,0.5215,0.5337,114,0.7415,97,26,0.268,18,A4_T04_a_H_base.png
T04_g-co_L,T04,triangle,geometric,g.co,4,L,6,A1-L-M6,0.5079,0.5337,120,0.7279,97,26,0.2577,18,A4_T04_g-co_L_base.png
T04_g-co_M,T04,triangle,geometric,g.co,4,M,7,A1-M-M7,0.5261,0.5625,118,0.7324,91,26,0.2637,17,A4_T04_g-co_M_base.png
T04_g-co_Q,T04,triangle,geometric,g.co,4,Q,5,A1-Q-M5,0.5079,0.524,118,0.7324,99,26,0.2323,18,A4_T04_g-co_Q_base.png
T04_g-co_H,T04,triangle,geometric,g.co,4,H,3,A1-H-M3,0.5079,0.5048,114,0.7415,103,26,0.233,18,A4_T04_g-co_H_base.png
T04_abcdefg_L,T04,triangle,geometric,abcdefg,7,L,0,A1-L-M0,0.5125,0.5337,118,0.7324,97,25,0.2474,18,A4_T04_abcdefg_L_base.png
T04_abcdefg_M,T04,triangle,geometric,abcdefg,7,M,3,A1-M-M3,0.517,0.5625,122,0.7234,91,26,0.2308,17,A4_T04_abcdefg_M_base.png
T04_abcdefg_Q,T04,triangle,geometric,abcdefg,7,Q,2,A1-Q-M2,0.5125,0.5625,124,0.7188,91,25,0.2418,17,A4_T04_abcdefg_Q_base.png
T04_abcdefg_H,T04,triangle,geometric,abcdefg,7,H,3,A1-H-M3,0.5442,0.5817,114,0.7415,87,26,0.2414,17,A4_T04_abcdefg_H_base.png
T05_a_L,T05,cross,geometric,a,1,L,6,A1-L-M6,0.4989,0.5144,120,0.7279,101,26,0.2574,18,A4_T05_a_L_base.png
T05_a_M,T05,cross,geometric,a,1,M,3,A1-M-M3,0.5034,0.5529,126,0.7143,93,26,0.2258,17,A4_T05_a_M_base.png
T05_a_Q,T05,cross,geometric,a,1,Q,2,A1-Q-M2,0.517,0.5817,126,0.7143,87,26,0.2759,17,A4_T05_a_Q_base.png
T05_a_H,T05,cross,geometric,a,1,H,4,A1-H-M4,0.5079,0.5337,120,0.7279,97,26,0.2371,18,A4_T05_a_H_base.png
T05_g-co_L,T05,cross,geometric,g.co,4,L,2,A1-L-M2,0.4943,0.5433,128,0.7098,95,26,0.2632,17,A4_T05_g-co_L_base.png
T05_g-co_M,T05,cross,geometric,g.co,4,M,7,A1-M-M7,0.517,0.5433,118,0.7324,95,26,0.2421,17,A4_T05_g-co_M_base.png
T05_g-co_Q,T05,cross,geometric,g.co,4,Q,5,A1-Q-M5,0.5261,0.5625,118,0.7324,91,26,0.2637,17,A4_T05_g-co_Q_base.png
T05_g-co_H,T05,cross,geometric,g.co,4,H,5,A1-H-M5,0.517,0.5433,118,0.7324,95,26,0.2316,17,A4_T05_g-co_H_base.png
T05_abcdefg_L,T05,cross,geometric,abcdefg,7,L,2,A1-L-M2,0.5034,0.5625,128,0.7098,91,26,0.2527,17,A4_T05_abcdefg_L_base.png
T05_abcdefg_M,T05,cross,geometric,abcdefg,7,M,5,A1-M-M5,0.5215,0.5625,120,0.7279,91,26,0.2418,17,A4_T05_abcdefg_M_base.png
T05_abcdefg_Q,T05,cross,geometric,abcdefg,7,Q,1,A1-Q-M1,0.5125,0.5337,118,0.7324,97,26,0.2268,18,A4_T05_abcdefg_Q_base.png
T05_abcdefg_H,T05,cross,geometric,abcdefg,7,H,3,A1-H-M3,0.5215,0.5625,120,0.7279,91,26,0.2527,17,A4_T05_abcdefg_H_base.png
T06_a_L,T06,sparse,sparse,a,1,L,3,A1-L-M3,0.5397,0.5481,109,0.7528,94,26,0.2766,17,A4_T06_a_L_base.png
T06_a_M,T06,sparse,sparse,a,1,M,0,A1-M-M0,0.5624,0.5577,101,0.771,92,26,0.2283,17,A4_T06_a_M_base.png
T06_a_Q,T06,sparse,sparse,a,1,Q,3,A1-Q-M3,0.5488,0.5385,103,0.7664,96,26,0.25,17,A4_T06_a_Q_base.png
T06_a_H,T06,sparse,sparse,a,1,H,7,A1-H-M7,0.5624,0.5673,103,0.7664,90,25,0.2444,17,A4_T06_a_H_base.png
T06_g-co_L,T06,sparse,sparse,g.co,4,L,2,A1-L-M2,0.5351,0.5481,111,0.7483,94,26,0.2447,17,A4_T06_g-co_L_base.png
T06_g-co_M,T06,sparse,sparse,g.co,4,M,1,A1-M-M1,0.5624,0.5673,103,0.7664,90,26,0.2667,17,A4_T06_g-co_M_base.png
T06_g-co_Q,T06,sparse,sparse,g.co,4,Q,1,A1-Q-M1,0.5805,0.5962,101,0.771,84,26,0.2857,17,A4_T06_g-co_Q_base.png
T06_g-co_H,T06,sparse,sparse,g.co,4,H,5,A1-H-M5,0.5578,0.5481,101,0.771,94,26,0.2447,17,A4_T06_g-co_H_base.png
T06_abcdefg_L,T06,sparse,sparse,abcdefg,7,L,3,A1-L-M3,0.5533,0.5769,109,0.7528,88,26,0.2727,17,A4_T06_abcdefg_L_base.png
T06_abcdefg_M,T06,sparse,sparse,abcdefg,7,M,7,A1-M-M7,0.5533,0.5385,101,0.771,96,26,0.2292,17,A4_T06_abcdefg_M_base.png
T06_abcdefg_Q,T06,sparse,sparse,abcdefg,7,Q,4,A1-Q-M4,0.5397,0.5192,103,0.7664,100,26,0.24,18,A4_T06_abcdefg_Q_base.png
T06_abcdefg_H,T06,sparse,sparse,abcdefg,7,H,3,A1-H-M3,0.5578,0.5577,103,0.7664,92,26,0.2609,17,A4_T06_abcdefg_H_base.png
T07_a_L,T07,dense,dense,a,1,L,0,A1-L-M0,0.5714,0.5577,97,0.78,92,26,0.2283,17,A4_T07_a_L_base.png
T07_a_M,T07,dense,dense,a,1,M,2,A1-M-M2,0.576,0.5769,99,0.7755,88,26,0.2727,17,A4_T07_a_M_base.png
T07_a_Q,T07,dense,dense,a,1,Q,1,A1-Q-M1,0.5624,0.5769,105,0.7619,88,26,0.2273,17,A4_T07_a_Q_base.png
T07_a_H,T07,dense,dense,a,1,H,4,A1-H-M4,0.5624,0.5769,105,0.7619,88,26,0.25,17,A4_T07_a_H_base.png
T07_g-co_L,T07,dense,dense,g.co,4,L,0,A1-L-M0,0.5805,0.5769,97,0.78,88,26,0.25,17,A4_T07_g-co_L_base.png
T07_g-co_M,T07,dense,dense,g.co,4,M,0,A1-M-M0,0.5669,0.5385,95,0.7846,96,26,0.2396,17,A4_T07_g-co_M_base.png
T07_g-co_Q,T07,dense,dense,g.co,4,Q,0,A1-Q-M0,0.5442,0.5,97,0.78,104,26,0.25,18,A4_T07_g-co_Q_base.png
T07_g-co_H,T07,dense,dense,g.co,4,H,0,A1-H-M0,0.5669,0.5577,99,0.7755,92,26,0.2283,17,A4_T07_g-co_H_base.png
T07_abcdefg_L,T07,dense,dense,abcdefg,7,L,0,A1-L-M0,0.576,0.5673,97,0.78,90,26,0.2333,17,A4_T07_abcdefg_L_base.png
T07_abcdefg_M,T07,dense,dense,abcdefg,7,M,1,A1-M-M1,0.576,0.5577,95,0.7846,92,26,0.2283,17,A4_T07_abcdefg_M_base.png
T07_abcdefg_Q,T07,dense,dense,abcdefg,7,Q,4,A1-Q-M4,0.5533,0.5288,99,0.7755,98,26,0.2245,18,A4_T07_abcdefg_Q_base.png
T07_abcdefg_H,T07,dense,dense,abcdefg,7,H,0,A1-H-M0,0.5533,0.5288,99,0.7755,98,26,0.2347,18,A4_T07_abcdefg_H_base.png
T08_a_L,T08,asymmetric,asymmetrical,a,1,L,3,A1-L-M3,0.5488,0.5721,110,0.7506,89,26,0.2472,17,A4_T08_a_L_base.png
T08_a_M,T08,asymmetric,asymmetrical,a,1,M,7,A1-M-M7,0.5578,0.5529,102,0.7687,93,26,0.2151,17,A4_T08_a_M_base.png
T08_a_Q,T08,asymmetric,asymmetrical,a,1,Q,7,A1-Q-M7,0.5533,0.5913,112,0.746,85,26,0.2588,17,A4_T08_a_Q_base.png
T08_a_H,T08,asymmetric,asymmetrical,a,1,H,3,A1-H-M3,0.5578,0.5625,104,0.7642,91,26,0.2637,17,A4_T08_a_H_base.png
T08_g-co_L,T08,asymmetric,asymmetrical,g.co,4,L,6,A1-L-M6,0.5533,0.5529,104,0.7642,93,25,0.2473,17,A4_T08_g-co_L_base.png
T08_g-co_M,T08,asymmetric,asymmetrical,g.co,4,M,1,A1-M-M1,0.5624,0.5721,104,0.7642,89,26,0.2697,17,A4_T08_g-co_M_base.png
T08_g-co_Q,T08,asymmetric,asymmetrical,g.co,4,Q,5,A1-Q-M5,0.5533,0.5433,102,0.7687,95,26,0.2105,17,A4_T08_g-co_Q_base.png
T08_g-co_H,T08,asymmetric,asymmetrical,g.co,4,H,3,A1-H-M3,0.5578,0.5625,104,0.7642,91,26,0.2198,17,A4_T08_g-co_H_base.png
T08_abcdefg_L,T08,asymmetric,asymmetrical,abcdefg,7,L,3,A1-L-M3,0.5442,0.5625,110,0.7506,91,26,0.2308,17,A4_T08_abcdefg_L_base.png
T08_abcdefg_M,T08,asymmetric,asymmetrical,abcdefg,7,M,7,A1-M-M7,0.5669,0.5721,102,0.7687,89,26,0.236,17,A4_T08_abcdefg_M_base.png
T08_abcdefg_Q,T08,asymmetric,asymmetrical,abcdefg,7,Q,3,A1-Q-M3,0.5714,0.5913,104,0.7642,85,26,0.2588,17,A4_T08_abcdefg_Q_base.png
T08_abcdefg_H,T08,asymmetric,asymmetrical,abcdefg,7,H,4,A1-H-M4,0.5533,0.5529,104,0.7642,93,26,0.2151,17,A4_T08_abcdefg_H_base.png
