config_id,target_id,target_name,target_category,payload,payload_bytes,ecc,a1_similarity,a3_clean_max_budget,a3_clean_max_cw,a3_clean_max_similarity,a3_clean_max_filename,a3_robust_budget,a3_robust_cw,a3_robust_similarity,a3_robust_rate,a2_matched_budget,a2_mean_cw,a2_clean_exact_rate,a2_robust_rate,a3_clean_exact,a3_robust_exact
T01_a_L,T01,circle,simple,a,1,L,0.4807,16,3,0.517,A4_T01_a_L_packed_b16.png,16,3,0.517,0.8,16,11.2,0.0,0.0,True,True
T01_a_M,T01,circle,simple,a,1,M,0.4989,24,4,0.5533,A4_T01_a_M_packed_b24.png,24,4,0.5533,0.8,24,16.4,0.0,0.0,True,True
T01_a_Q,T01,circle,simple,a,1,Q,0.4898,32,6,0.5624,A4_T01_a_Q_packed_b32.png,32,6,0.5624,0.8,32,19.8,0.0,0.0,True,True
T01_a_H,T01,circle,simple,a,1,H,0.4898,40,7,0.5805,A4_T01_a_H_packed_b40.png,40,7,0.5805,0.8,40,20.6,0.0,0.0,True,True
T01_g-co_L,T01,circle,simple,g.co,4,L,0.4717,16,3,0.5079,A4_T01_g-co_L_packed_b16.png,16,3,0.5079,0.8,16,12.2,0.0,0.0,True,True
T01_g-co_M,T01,circle,simple,g.co,4,M,0.4898,24,4,0.5442,A4_T01_g-co_M_packed_b24.png,24,4,0.5442,0.8,24,16.6,0.0,0.0,True,True
T01_g-co_Q,T01,circle,simple,g.co,4,Q,0.4853,32,6,0.5578,A4_T01_g-co_Q_packed_b32.png,32,6,0.5578,0.8,32,19.6,0.0,0.0,True,True
T01_g-co_H,T01,circle,simple,g.co,4,H,0.4943,40,7,0.585,A4_T01_g-co_H_packed_b40.png,40,7,0.585,0.8,40,21.4,0.0,0.0,True,True
T01_abcdefg_L,T01,circle,simple,abcdefg,7,L,0.4807,20,3,0.5261,A4_T01_abcdefg_L_packed_b20.png,20,3,0.5261,0.8,20,14,0.0,0.0,True,True
T01_abcdefg_M,T01,circle,simple,abcdefg,7,M,0.4807,24,5,0.5351,A4_T01_abcdefg_M_packed_b24.png,24,5,0.5351,0.8,24,17.6,0.0,0.0,True,True
T01_abcdefg_Q,T01,circle,simple,abcdefg,7,Q,0.4853,32,6,0.5578,A4_T01_abcdefg_Q_packed_b32.png,32,6,0.5578,0.8,32,19.2,0.0,0.0,True,True
T01_abcdefg_H,T01,circle,simple,abcdefg,7,H,0.4898,40,8,0.5805,A4_T01_abcdefg_H_packed_b40.png,40,8,0.5805,0.8,40,21.6,0.0,0.0,True,True
T02_a_L,T02,g-like,letter-like,a,1,L,0.4943,16,3,0.5306,A4_T02_a_L_packed_b16.png,16,3,0.5306,0.8,16,13,0.0,0.0,True,True
T02_a_M,T02,g-like,letter-like,a,1,M,0.5079,24,4,0.5624,A4_T02_a_M_packed_b24.png,24,4,0.5624,0.8,24,17,0.0,0.0,True,True
T02_a_Q,T02,g-like,letter-like,a,1,Q,0.5079,24,5,0.5624,A4_T02_a_Q_packed_b24.png,24,5,0.5624,0.8,24,17,0.0,0.0,True,True
T02_a_H,T02,g-like,letter-like,a,1,H,0.517,32,7,0.5896,A4_T02_a_H_packed_b32.png,32,7,0.5896,0.8,32,20.8,0.0,0.0,True,True
T02_g-co_L,T02,g-like,letter-like,g.co,4,L,0.5079,16,3,0.5442,A4_T02_g-co_L_packed_b16.png,16,3,0.5442,0.8,16,13.2,0.0,0.0,True,True
T02_g-co_M,T02,g-like,letter-like,g.co,4,M,0.5079,24,5,0.5624,A4_T02_g-co_M_packed_b24.png,24,5,0.5624,0.8,24,16.8,0.0,0.0,True,True
T02_g-co_Q,T02,g-like,letter-like,g.co,4,Q,0.5034,24,5,0.5578,A4_T02_g-co_Q_packed_b24.png,24,5,0.5578,0.8,24,16.8,0.0,0.0,True,True
T02_g-co_H,T02,g-like,letter-like,g.co,4,H,0.5215,40,8,0.6122,A4_T02_g-co_H_packed_b40.png,40,8,0.6122,0.8,40,21.4,0.0,0.0,True,True
T02_abcdefg_L,T02,g-like,letter-like,abcdefg,7,L,0.5034,20,3,0.5488,A4_T02_abcdefg_L_packed_b20.png,20,3,0.5488,0.8,20,16,0.0,0.0,True,True
T02_abcdefg_M,T02,g-like,letter-like,abcdefg,7,M,0.5125,24,5,0.5669,A4_T02_abcdefg_M_packed_b24.png,24,5,0.5669,0.8,24,14.8,0.0,0.0,True,True
T02_abcdefg_Q,T02,g-like,letter-like,abcdefg,7,Q,0.517,24,5,0.5714,A4_T02_abcdefg_Q_packed_b24.png,24,5,0.5714,0.8,24,17.4,0.0,0.0,True,True
T02_abcdefg_H,T02,g-like,letter-like,abcdefg,7,H,0.5215,32,7,0.5941,A4_T02_abcdefg_H_packed_b32.png,32,7,0.5941,0.8,32,19.6,0.0,0.0,True,True
T03_a_L,T03,diagonal,letter-like,a,1,L,0.5102,16,3,0.5465,A4_T03_a_L_packed_b16.png,16,3,0.5465,0.8,16,13,0.0,0.0,True,True
T03_a_M,T03,diagonal,letter-like,a,1,M,0.5193,24,5,0.5737,A4_T03_a_M_packed_b24.png,24,5,0.5737,0.8,24,17.6,0.0,0.0,True,True
T03_a_Q,T03,diagonal,letter-like,a,1,Q,0.5011,24,5,0.5556,A4_T03_a_Q_packed_b24.png,24,5,0.5556,0.8,24,16.8,0.0,0.0,True,True
T03_a_H,T03,diagonal,letter-like,a,1,H,0.5057,40,7,0.5964,A4_T03_a_H_packed_b40.png,40,7,0.5964,0.8,40,22.2,0.0,0.0,True,True
T03_g-co_L,T03,diagonal,letter-like,g.co,4,L,0.5102,16,3,0.5465,A4_T03_g-co_L_packed_b16.png,16,3,0.5465,0.8,16,11.6,0.0,0.0,True,True
T03_g-co_M,T03,diagonal,letter-like,g.co,4,M,0.5102,24,4,0.5646,A4_T03_g-co_M_packed_b24.png,24,4,0.5646,0.8,24,16.2,0.0,0.0,True,True
T03_g-co_Q,T03,diagonal,letter-like,g.co,4,Q,0.542,32,6,0.6145,A4_T03_g-co_Q_packed_b32.png,32,6,0.6145,0.8,32,18.6,0.0,0.0,True,True
T03_g-co_H,T03,diagonal,letter-like,g.co,4,H,0.5238,40,8,0.6145,A4_T03_g-co_H_packed_b40.png,40,8,0.6145,0.8,40,23,0.0,0.0,True,True
T03_abcdefg_L,T03,diagonal,letter-like,abcdefg,7,L,0.5057,16,3,0.542,A4_T03_abcdefg_L_packed_b16.png,16,3,0.542,0.8,16,12.4,0.0,0.0,True,True
T03_abcdefg_M,T03,diagonal,letter-like,abcdefg,7,M,0.5147,24,5,0.5692,A4_T03_abcdefg_M_packed_b24.png,24,5,0.5692,0.8,24,17.6,0.0,0.0,True,True
T03_abcdefg_Q,T03,diagonal,letter-like,abcdefg,7,Q,0.5193,32,6,0.5918,A4_T03_abcdefg_Q_packed_b32.png,32,6,0.5918,0.8,32,19,0.0,0.0,True,True
T03_abcdefg_H,T03,diagonal,letter-like,abcdefg,7,H,0.5283,40,8,0.619,A4_T03_abcdefg_H_packed_b40.png,40,8,0.619,0.8,40,21.4,0.0,0.0,True,True
T04_a_L,T04,triangle,geometric,a,1,L,0.5034,16,3,0.5397,A4_T04_a_L_packed_b16.png,16,3,0.5397,0.7,16,12.8,0.0,0.0,True,True
T04_a_M,T04,triangle,geometric,a,1,M,0.5125,24,5,0.5669,A4_T04_a_M_packed_b24.png,24,5,0.5669,0.8,24,17.2,0.0,0.0,True,True
T04_a_Q,T04,triangle,geometric,a,1,Q,0.5125,32,6,0.585,A4_T04_a_Q_packed_b32.png,32,6,0.585,0.8,32,19.2,0.0,0.0,True,True
T04_a_H,T04,triangle,geometric,a,1,H,0.5215,40,7,0.6122,A4_T04_a_H_packed_b40.png,40,7,0.6122,0.8,40,21.8,0.0,0.0,True,True
T04_g-co_L,T04,triangle,geometric,g.co,4,L,0.5079,16,3,0.5442,A4_T04_g-co_L_packed_b16.png,16,3,0.5442,0.8,16,12.4,0.0,0.0,True,True
T04_g-co_M,T04,triangle,geometric,g.co,4,M,0.5261,24,4,0.5805,A4_T04_g-co_M_packed_b24.png,24,4,0.5805,0.8,24,15.8,0.0,0.0,True,True
T04_g-co_Q,T04,triangle,geometric,g.co,4,Q,0.5079,32,6,0.5805,A4_T04_g-co_Q_packed_b32.png,32,6,0.5805,0.8,32,20.6,0.0,0.0,True,True
T04_g-co_H,T04,triangle,geometric,g.co,4,H,0.5079,40,8,0.5986,A4_T04_g-co_H_packed_b40.png,40,8,0.5986,0.8,40,21.4,0.0,0.0,True,True
T04_abcdefg_L,T04,triangle,geometric,abcdefg,7,L,0.5125,16,3,0.5488,A4_T04_abcdefg_L_packed_b16.png,16,3,0.5488,0.8,16,11.6,0.0,0.0,True,True
T04_abcdefg_M,T04,triangle,geometric,abcdefg,7,M,0.517,24,5,0.5714,A4_T04_abcdefg_M_packed_b24.png,24,5,0.5714,0.8,24,18.2,0.0,0.0,True,True
T04_abcdefg_Q,T04,triangle,geometric,abcdefg,7,Q,0.5125,24,5,0.5669,A4_T04_abcdefg_Q_packed_b24.png,24,5,0.5669,0.8,24,17.4,0.0,0.0,True,True
T04_abcdefg_H,T04,triangle,geometric,abcdefg,7,H,0.5442,32,7,0.6168,A4_T04_abcdefg_H_packed_b32.png,32,7,0.6168,0.8,32,20.2,0.0,0.0,True,True
T05_a_L,T05,cross,geometric,a,1,L,0.4989,20,3,0.5442,A4_T05_a_L_packed_b20.png,20,3,0.5442,0.8,20,15,0.0,0.0,True,True
T05_a_M,T05,cross,geometric,a,1,M,0.5034,24,5,0.5578,A4_T05_a_M_packed_b24.png,24,5,0.5578,0.8,24,16.6,0.0,0.0,True,True
T05_a_Q,T05,cross,geometric,a,1,Q,0.517,32,6,0.5896,A4_T05_a_Q_packed_b32.png,32,6,0.5896,0.8,32,18.8,0.0,0.0,True,True
T05_a_H,T05,cross,geometric,a,1,H,0.5079,40,8,0.5986,A4_T05_a_H_packed_b40.png,40,8,0.5986,0.8,40,21.8,0.0,0.0,True,True
T05_g-co_L,T05,cross,geometric,g.co,4,L,0.4943,16,3,0.5306,A4_T05_g-co_L_packed_b16.png,16,3,0.5306,0.8,16,12.4,0.0,0.0,True,True
T05_g-co_M,T05,cross,geometric,g.co,4,M,0.517,24,5,0.5714,A4_T05_g-co_M_packed_b24.png,24,5,0.5714,0.8,24,17.2,0.0,0.0,True,True
T05_g-co_Q,T05,cross,geometric,g.co,4,Q,0.5261,32,6,0.5986,A4_T05_g-co_Q_packed_b32.png,32,6,0.5986,0.8,32,19.2,0.0,0.0,True,True
T05_g-co_H,T05,cross,geometric,g.co,4,H,0.517,32,7,0.5896,A4_T05_g-co_H_packed_b32.png,32,7,0.5896,0.8,32,20.6,0.0,0.0,True,True
T05_abcdefg_L,T05,cross,geometric,abcdefg,7,L,0.5034,16,3,0.5397,A4_T05_abcdefg_L_packed_b16.png,16,3,0.5397,0.8,16,11.6,0.0,0.0,True,True
T05_abcdefg_M,T05,cross,geometric,abcdefg,7,M,0.5215,24,5,0.576,A4_T05_abcdefg_M_packed_b24.png,24,5,0.576,0.8,24,17,0.0,0.0,True,True
T05_abcdefg_Q,T05,cross,geometric,abcdefg,7,Q,0.5125,32,6,0.585,A4_T05_abcdefg_Q_packed_b32.png,32,6,0.585,0.8,32,19.2,0.0,0.0,True,True
T05_abcdefg_H,T05,cross,geometric,abcdefg,7,H,0.5215,40,8,0.6122,A4_T05_abcdefg_H_packed_b40.png,40,8,0.6122,0.8,40,22.6,0.0,0.0,True,True
T06_a_L,T06,sparse,sparse,a,1,L,0.5397,20,3,0.585,A4_T06_a_L_packed_b20.png,20,3,0.585,0.8,20,14.4,0.0,0.0,True,True
T06_a_M,T06,sparse,sparse,a,1,M,0.5624,24,5,0.6168,A4_T06_a_M_packed_b24.png,24,5,0.6168,0.8,24,17,0.0,0.0,True,True
T06_a_Q,T06,sparse,sparse,a,1,Q,0.5488,32,6,0.6213,A4_T06_a_Q_packed_b32.png,32,6,0.6213,0.8,32,20,0.0,0.0,True,True
T06_a_H,T06,sparse,sparse,a,1,H,0.5624,40,8,0.6531,A4_T06_a_H_packed_b40.png,40,8,0.6531,0.8,40,21.8,0.0,0.0,True,True
T06_g-co_L,T06,sparse,sparse,g.co,4,L,0.5351,16,3,0.5714,A4_T06_g-co_L_packed_b16.png,16,3,0.5714,0.8,16,12,0.0,0.0,True,True
T06_g-co_M,T06,sparse,sparse,g.co,4,M,0.5624,24,4,0.6168,A4_T06_g-co_M_packed_b24.png,24,4,0.6168,0.8,24,15.2,0.0,0.0,True,True
T06_g-co_Q,T06,sparse,sparse,g.co,4,Q,0.5805,32,6,0.6531,A4_T06_g-co_Q_packed_b32.png,32,6,0.6531,0.8,32,19.6,0.0,0.0,True,True
T06_g-co_H,T06,sparse,sparse,g.co,4,H,0.5578,40,8,0.6485,A4_T06_g-co_H_packed_b40.png,40,8,0.6485,0.8,40,22.2,0.0,0.0,True,True
T06_abcdefg_L,T06,sparse,sparse,abcdefg,7,L,0.5533,16,3,0.5896,A4_T06_abcdefg_L_packed_b16.png,16,3,0.5896,0.8,16,13.2,0.0,0.0,True,True
T06_abcdefg_M,T06,sparse,sparse,abcdefg,7,M,0.5533,24,5,0.6077,A4_T06_abcdefg_M_packed_b24.png,24,5,0.6077,0.8,24,17.8,0.0,0.0,True,True
T06_abcdefg_Q,T06,sparse,sparse,abcdefg,7,Q,0.5397,32,6,0.6122,A4_T06_abcdefg_Q_packed_b32.png,32,6,0.6122,0.8,32,20,0.0,0.0,True,True
T06_abcdefg_H,T06,sparse,sparse,abcdefg,7,H,0.5578,40,8,0.6485,A4_T06_abcdefg_H_packed_b40.png,40,8,0.6485,0.8,40,20.6,0.0,0.0,True,True
T07_a_L,T07,dense,dense,a,1,L,0.5714,16,3,0.6077,A4_T07_a_L_packed_b16.png,16,3,0.6077,0.8,16,12.4,0.0,0.0,True,True
T07_a_M,T07,dense,dense,a,1,M,0.576,24,4,0.6304,A4_T07_a_M_packed_b24.png,24,4,0.6304,0.8,24,16,0.0,0.0,True,True
T07_a_Q,T07,dense,dense,a,1,Q,0.5624,24,5,0.6168,A4_T07_a_Q_packed_b24.png,24,5,0.6168,0.8,24,15.4,0.0,0.0,True,True
T07_a_H,T07,dense,dense,a,1,H,0.5624,32,6,0.6349,A4_T07_a_H_packed_b32.png,32,6,0.6349,0.8,32,21,0.0,0.0,True,True
T07_g-co_L,T07,dense,dense,g.co,4,L,0.5805,16,3,0.6168,A4_T07_g-co_L_packed_b16.png,16,3,0.6168,0.8,16,11.8,0.0,0.0,True,True
T07_g-co_M,T07,dense,dense,g.co,4,M,0.5669,24,5,0.6213,A4_T07_g-co_M_packed_b24.png,24,5,0.6213,0.8,24,16.4,0.0,0.0,True,True
T07_g-co_Q,T07,dense,dense,g.co,4,Q,0.5442,32,6,0.6168,A4_T07_g-co_Q_packed_b32.png,32,6,0.6168,0.8,32,20.2,0.0,0.0,True,True
T07_g-co_H,T07,dense,dense,g.co,4,H,0.5669,4,1,0.576,A4_T07_g-co_H_packed_b4.png,,,,,4,4,1.0,0.8,True,False
T07_abcdefg_L,T07,dense,dense,abcdefg,7,L,0.576,16,3,0.6122,A4_T07_abcdefg_L_packed_b16.png,16,3,0.6122,0.8,16,12,0.0,0.0,True,True
T07_abcdefg_M,T07,dense,dense,abcdefg,7,M,0.576,24,5,0.6304,A4_T07_abcdefg_M_packed_b24.png,24,5,0.6304,0.8,24,17.4,0.0,0.0,True,True
T07_abcdefg_Q,T07,dense,dense,abcdefg,7,Q,0.5533,24,5,0.6077,A4_T07_abcdefg_Q_packed_b24.png,24,5,0.6077,0.8,24,17,0.0,0.0,True,True
T07_abcdefg_H,T07,dense,dense,abcdefg,7,H,0.5533,40,8,0.644,A4_T07_abcdefg_H_packed_b40.png,40,8,0.644,0.8,40,21.4,0.0,0.0,True,True
T08_a_L,T08,asymmetric,asymmetrical,a,1,L,0.5488,16,3,0.585,A4_T08_a_L_packed_b16.png,16,3,0.585,0.8,16,13,0.0,0.0,True,True
T08_a_M,T08,asymmetric,asymmetrical,a,1,M,0.5578,4,1,0.5669,A4_T08_a_M_packed_b4.png,,,,,4,3.8,1.0,0.8,True,False
T08_a_Q,T08,asymmetric,asymmetrical,a,1,Q,0.5533,24,5,0.6077,A4_T08_a_Q_packed_b24.png,24,5,0.6077,0.8,24,14.8,0.0,0.0,True,True
T08_a_H,T08,asymmetric,asymmetrical,a,1,H,0.5578,40,8,0.6485,A4_T08_a_H_packed_b40.png,40,8,0.6485,0.8,40,22,0.0,0.0,True,True
T08_g-co_L,T08,asymmetric,asymmetrical,g.co,4,L,0.5533,16,3,0.5896,A4_T08_g-co_L_packed_b16.png,16,3,0.5896,0.8,16,13,0.0,0.0,True,True
T08_g-co_M,T08,asymmetric,asymmetrical,g.co,4,M,0.5624,24,4,0.6168,A4_T08_g-co_M_packed_b24.png,24,4,0.6168,0.8,24,18,0.0,0.0,True,True
T08_g-co_Q,T08,asymmetric,asymmetrical,g.co,4,Q,0.5533,24,5,0.6077,A4_T08_g-co_Q_packed_b24.png,24,5,0.6077,0.8,24,16.6,0.0,0.0,True,True
T08_g-co_H,T08,asymmetric,asymmetrical,g.co,4,H,0.5578,32,7,0.6304,A4_T08_g-co_H_packed_b32.png,32,7,0.6304,0.8,32,19,0.0,0.0,True,True
T08_abcdefg_L,T08,asymmetric,asymmetrical,abcdefg,7,L,0.5442,16,3,0.5805,A4_T08_abcdefg_L_packed_b16.png,16,3,0.5805,0.8,16,13,0.0,0.0,True,True
T08_abcdefg_M,T08,asymmetric,asymmetrical,abcdefg,7,M,0.5669,24,5,0.6213,A4_T08_abcdefg_M_packed_b24.png,24,5,0.6213,0.8,24,17.2,0.0,0.0,True,True
T08_abcdefg_Q,T08,asymmetric,asymmetrical,abcdefg,7,Q,0.5714,24,5,0.6259,A4_T08_abcdefg_Q_packed_b24.png,24,5,0.6259,0.8,24,16.4,0.0,0.0,True,True
T08_abcdefg_H,T08,asymmetric,asymmetrical,abcdefg,7,H,0.5533,40,8,0.644,A4_T08_abcdefg_H_packed_b40.png,40,8,0.644,0.8,40,21.6,0.0,0.0,True,True
