budget,actual_modified_modules,trial_count,exact_decode_count,wrong_payload_count,no_detection_count,decoder_error_count,exact_decode_rate,similarity_after_mean,similarity_after_min,similarity_after_max,affected_codewords_mean,affected_codewords_min,affected_codewords_max
0,0,5,5,0,0,0,1,0.4943,0.4943,0.4943,0,0,0
1,1,5,5,0,0,0,1,0.4966,0.4966,0.4966,1,1,1
2,2,5,5,0,0,0,1,0.4989,0.4989,0.4989,2,1,2
4,4,5,5,0,0,0,1,0.5034,0.5034,0.5034,4,2,4
6,6,5,5,0,0,0,1,0.5079,0.5079,0.5079,5,3,6
8,8,5,5,0,0,0,1,0.5125,0.5125,0.5125,7,5,8
10,10,5,2,0,3,0,0.4,0.517,0.517,0.517,8,5,10
12,12,5,1,0,4,0,0.2,0.5215,0.5215,0.5215,9,7,11
16,16,5,0,0,5,0,0,0.5306,0.5306,0.5306,13,10,15
20,20,5,0,0,5,0,0,0.5397,0.5397,0.5397,15,11,17
24,24,5,0,0,5,0,0,0.5488,0.5488,0.5488,16,14,18
32,32,5,0,0,5,0,0,0.5669,0.5669,0.5669,19,18,21
40,40,5,0,0,5,0,0,0.585,0.585,0.585,21,21,22
48,48,5,0,0,5,0,0,0.6032,0.6032,0.6032,23,22,25
64,64,5,0,0,5,0,0,0.6395,0.6395,0.6395,25,24,26
80,80,5,0,0,5,0,0,0.6757,0.6757,0.6757,25,24,26
93,93,5,0,0,5,0,0,0.7052,0.7052,0.7052,26,26,26
