candidate_filename,opencv_detected,opencv_payload,opencv_payload_correct,opencv_decode_status
A2_H_mask6_seed42_budget0.png,true,g.co,true,EXACT
A2_H_mask6_seed42_budget1.png,true,g.co,true,EXACT
A2_H_mask6_seed42_budget2.png,true,g.co,true,EXACT
A2_H_mask6_seed42_budget4.png,true,g.co,true,EXACT
A2_H_mask6_seed42_budget6.png,true,g.co,true,EXACT
A2_H_mask6_seed42_budget8.png,true,g.co,true,EXACT
A2_H_mask6_seed42_budget10.png,true,g.co,true,EXACT
A2_H_mask6_seed42_budget12.png,true,g.co,true,EXACT
A2_H_mask6_seed42_budget16.png,true,,false,WRONG_PAYLOAD
A2_H_mask6_seed42_budget20.png,true,,false,WRONG_PAYLOAD
A2_H_mask6_seed42_budget24.png,true,,false,WRONG_PAYLOAD
A2_H_mask6_seed42_budget32.png,true,,false,WRONG_PAYLOAD
A2_H_mask6_seed42_budget40.png,true,,false,WRONG_PAYLOAD
A2_H_mask6_seed42_budget48.png,true,,false,WRONG_PAYLOAD
A2_H_mask6_seed42_budget64.png,true,,false,WRONG_PAYLOAD
A2_H_mask6_seed42_budget80.png,true,,false,WRONG_PAYLOAD
A2_H_mask6_seed42_budget93.png,true,,false,WRONG_PAYLOAD
A2_H_mask6_seed43_budget0.png,true,g.co,true,EXACT
A2_H_mask6_seed43_budget1.png,true,g.co,true,EXACT
A2_H_mask6_seed43_budget2.png,true,g.co,true,EXACT
A2_H_mask6_seed43_budget4.png,true,g.co,true,EXACT
A2_H_mask6_seed43_budget6.png,true,g.co,true,EXACT
A2_H_mask6_seed43_budget8.png,true,g.co,true,EXACT
A2_H_mask6_seed43_budget10.png,true,,false,WRONG_PAYLOAD
A2_H_mask6_seed43_budget12.png,true,,false,WRONG_PAYLOAD
A2_H_mask6_seed43_budget16.png,true,,false,WRONG_PAYLOAD
A2_H_mask6_seed43_budget20.png,true,,false,WRONG_PAYLOAD
A2_H_mask6_seed43_budget24.png,true,,false,WRONG_PAYLOAD
A2_H_mask6_seed43_budget32.png,true,,false,WRONG_PAYLOAD
A2_H_mask6_seed43_budget40.png,true,,false,WRONG_PAYLOAD
A2_H_mask6_seed43_budget48.png,true,,false,WRONG_PAYLOAD
A2_H_mask6_seed43_budget64.png,true,,false,WRONG_PAYLOAD
A2_H_mask6_seed43_budget80.png,true,,false,WRONG_PAYLOAD
A2_H_mask6_seed43_budget93.png,true,,false,WRONG_PAYLOAD
A2_H_mask6_seed44_budget0.png,true,g.co,true,EXACT
A2_H_mask6_seed44_budget1.png,true,g.co,true,EXACT
A2_H_mask6_seed44_budget2.png,true,g.co,true,EXACT
A2_H_mask6_seed44_budget4.png,true,g.co,true,EXACT
A2_H_mask6_seed44_budget6.png,true,g.co,true,EXACT
A2_H_mask6_seed44_budget8.png,true,g.co,true,EXACT
A2_H_mask6_seed44_budget10.png,true,,false,WRONG_PAYLOAD
A2_H_mask6_seed44_budget12.png,true,,false,WRONG_PAYLOAD
A2_H_mask6_seed44_budget16.png,true,,false,WRONG_PAYLOAD
A2_H_mask6_seed44_budget20.png,true,,false,WRONG_PAYLOAD
A2_H_mask6_seed44_budget24.png,true,,false,WRONG_PAYLOAD
A2_H_mask6_seed44_budget32.png,true,,false,WRONG_PAYLOAD
A2_H_mask6_seed44_budget40.png,true,,false,WRONG_PAYLOAD
A2_H_mask6_seed44_budget48.png,true,,false,WRONG_PAYLOAD
A2_H_mask6_seed44_budget64.png,true,,false,WRONG_PAYLOAD
A2_H_mask6_seed44_budget80.png,true,,false,WRONG_PAYLOAD
A2_H_mask6_seed44_budget93.png,true,,false,WRONG_PAYLOAD
A2_H_mask6_seed45_budget0.png,true,g.co,true,EXACT
A2_H_mask6_seed45_budget1.png,true,g.co,true,EXACT
A2_H_mask6_seed45_budget2.png,true,g.co,true,EXACT
A2_H_mask6_seed45_budget4.png,true,g.co,true,EXACT
A2_H_mask6_seed45_budget6.png,true,g.co,true,EXACT
A2_H_mask6_seed45_budget8.png,true,g.co,true,EXACT
A2_H_mask6_seed45_budget10.png,true,g.co,true,EXACT
A2_H_mask6_seed45_budget12.png,true,,false,WRONG_PAYLOAD
A2_H_mask6_seed45_budget16.png,true,,false,WRONG_PAYLOAD
A2_H_mask6_seed45_budget20.png,true,,false,WRONG_PAYLOAD
A2_H_mask6_seed45_budget24.png,true,,false,WRONG_PAYLOAD
A2_H_mask6_seed45_budget32.png,true,,false,WRONG_PAYLOAD
A2_H_mask6_seed45_budget40.png,true,,false,WRONG_PAYLOAD
A2_H_mask6_seed45_budget48.png,true,,false,WRONG_PAYLOAD
A2_H_mask6_seed45_budget64.png,true,,false,WRONG_PAYLOAD
A2_H_mask6_seed45_budget80.png,true,,false,WRONG_PAYLOAD
A2_H_mask6_seed45_budget93.png,true,,false,WRONG_PAYLOAD
A2_H_mask6_seed46_budget0.png,true,g.co,true,EXACT
A2_H_mask6_seed46_budget1.png,true,g.co,true,EXACT
A2_H_mask6_seed46_budget2.png,true,g.co,true,EXACT
A2_H_mask6_seed46_budget4.png,true,g.co,true,EXACT
A2_H_mask6_seed46_budget6.png,true,g.co,true,EXACT
A2_H_mask6_seed46_budget8.png,true,g.co,true,EXACT
A2_H_mask6_seed46_budget10.png,true,,false,WRONG_PAYLOAD
A2_H_mask6_seed46_budget12.png,true,,false,WRONG_PAYLOAD
A2_H_mask6_seed46_budget16.png,true,,false,WRONG_PAYLOAD
A2_H_mask6_seed46_budget20.png,true,,false,WRONG_PAYLOAD
A2_H_mask6_seed46_budget24.png,true,,false,WRONG_PAYLOAD
A2_H_mask6_seed46_budget32.png,true,,false,WRONG_PAYLOAD
A2_H_mask6_seed46_budget40.png,true,,false,WRONG_PAYLOAD
A2_H_mask6_seed46_budget48.png,true,,false,WRONG_PAYLOAD
A2_H_mask6_seed46_budget64.png,true,,false,WRONG_PAYLOAD
A2_H_mask6_seed46_budget80.png,true,,false,WRONG_PAYLOAD
A2_H_mask6_seed46_budget93.png,true,,false,WRONG_PAYLOAD
