run_id,timestamp,target_name,payload,payload_utf8_bytes,base_ecc,base_mask,base_candidate_id,seed,budget,requested_budget,actual_modified_modules,eligible_mismatches_total,modified_fraction_of_eligible,full_similarity_before,full_similarity_after,full_similarity_gain,mutable_similarity_before,mutable_similarity_after,mutable_similarity_gain,fixed_conflicts,theoretical_ceiling,affected_codeword_count,max_flips_in_single_codeword,modified_penalty_rule_1,modified_penalty_rule_2,modified_penalty_rule_3,modified_penalty_rule_4,modified_penalty_total,jsqr_detected,jsqr_payload,jsqr_payload_correct,decode_status,candidate_filename
A2-20261002-1,2026-10-02T19:49:19.223Z,synthetic-circle,g.co,4,H,6,A1-H-M6,42,0,0,0,93,0,0.4943,0.4943,0,0.5529,0.5529,0,130,0.7052,0,0,183,147,40,0,370,true,g.co,true,EXACT,A2_H_mask6_seed42_budget0.png
A2-20261002-1,2026-10-02T19:49:19.223Z,synthetic-circle,g.co,4,H,6,A1-H-M6,42,1,1,1,93,0.010753,0.4943,0.4966,0.0023,0.5529,0.5577,0.0048,130,0.7052,1,1,177,147,40,0,364,true,g.co,true,EXACT,A2_H_mask6_seed42_budget1.png
A2-20261002-1,2026-10-02T19:49:19.223Z,synthetic-circle,g.co,4,H,6,A1-H-M6,42,2,2,2,93,0.021505,0.4943,0.4989,0.0045,0.5529,0.5625,0.0096,130,0.7052,1,2,177,147,40,0,364,true,g.co,true,EXACT,A2_H_mask6_seed42_budget2.png
A2-20261002-1,2026-10-02T19:49:19.223Z,synthetic-circle,g.co,4,H,6,A1-H-M6,42,4,4,4,93,0.043011,0.4943,0.5034,0.0091,0.5529,0.5721,0.0192,130,0.7052,2,3,176,150,40,0,366,true,g.co,true,EXACT,A2_H_mask6_seed42_budget4.png
A2-20261002-1,2026-10-02T19:49:19.223Z,synthetic-circle,g.co,4,H,6,A1-H-M6,42,6,6,6,93,0.064516,0.4943,0.5079,0.0136,0.5529,0.5817,0.0288,130,0.7052,3,4,175,138,40,0,353,true,g.co,true,EXACT,A2_H_mask6_seed42_budget6.png
A2-20261002-1,2026-10-02T19:49:19.223Z,synthetic-circle,g.co,4,H,6,A1-H-M6,42,8,8,8,93,0.086022,0.4943,0.5125,0.0181,0.5529,0.5913,0.0385,130,0.7052,5,4,175,147,40,0,362,true,g.co,true,EXACT,A2_H_mask6_seed42_budget8.png
A2-20261002-1,2026-10-02T19:49:19.223Z,synthetic-circle,g.co,4,H,6,A1-H-M6,42,10,10,10,93,0.107527,0.4943,0.517,0.0227,0.5529,0.601,0.0481,130,0.7052,5,4,172,147,40,0,359,true,g.co,true,EXACT,A2_H_mask6_seed42_budget10.png
A2-20261002-1,2026-10-02T19:49:19.223Z,synthetic-circle,g.co,4,H,6,A1-H-M6,42,12,12,12,93,0.129032,0.4943,0.5215,0.0272,0.5529,0.6106,0.0577,130,0.7052,7,4,175,156,80,0,411,true,g.co,true,EXACT,A2_H_mask6_seed42_budget12.png
A2-20261002-1,2026-10-02T19:49:19.223Z,synthetic-circle,g.co,4,H,6,A1-H-M6,42,16,16,16,93,0.172043,0.4943,0.5306,0.0363,0.5529,0.6298,0.0769,130,0.7052,10,4,180,159,80,0,419,false,,false,NO_DETECTION,A2_H_mask6_seed42_budget16.png
A2-20261002-1,2026-10-02T19:49:19.223Z,synthetic-circle,g.co,4,H,6,A1-H-M6,42,20,20,20,93,0.215054,0.4943,0.5397,0.0454,0.5529,0.649,0.0962,130,0.7052,11,4,183,159,80,0,422,false,,false,NO_DETECTION,A2_H_mask6_seed42_budget20.png
A2-20261002-1,2026-10-02T19:49:19.223Z,synthetic-circle,g.co,4,H,6,A1-H-M6,42,24,24,24,93,0.258065,0.4943,0.5488,0.0544,0.5529,0.6683,0.1154,130,0.7052,14,4,188,165,120,0,473,false,,false,NO_DETECTION,A2_H_mask6_seed42_budget24.png
A2-20261002-1,2026-10-02T19:49:19.223Z,synthetic-circle,g.co,4,H,6,A1-H-M6,42,32,32,32,93,0.344086,0.4943,0.5669,0.0726,0.5529,0.7067,0.1538,130,0.7052,18,4,197,177,80,0,454,false,,false,NO_DETECTION,A2_H_mask6_seed42_budget32.png
A2-20261002-1,2026-10-02T19:49:19.223Z,synthetic-circle,g.co,4,H,6,A1-H-M6,42,40,40,40,93,0.430108,0.4943,0.585,0.0907,0.5529,0.7452,0.1923,130,0.7052,21,5,226,207,40,0,473,false,,false,NO_DETECTION,A2_H_mask6_seed42_budget40.png
A2-20261002-1,2026-10-02T19:49:19.223Z,synthetic-circle,g.co,4,H,6,A1-H-M6,42,48,48,48,93,0.516129,0.4943,0.6032,0.1088,0.5529,0.7837,0.2308,130,0.7052,22,6,242,240,40,0,522,false,,false,NO_DETECTION,A2_H_mask6_seed42_budget48.png
A2-20261002-1,2026-10-02T19:49:19.223Z,synthetic-circle,g.co,4,H,6,A1-H-M6,42,64,64,64,93,0.688172,0.4943,0.6395,0.1451,0.5529,0.8606,0.3077,130,0.7052,24,6,296,327,0,0,623,false,,false,NO_DETECTION,A2_H_mask6_seed42_budget64.png
A2-20261002-1,2026-10-02T19:49:19.223Z,synthetic-circle,g.co,4,H,6,A1-H-M6,42,80,80,80,93,0.860215,0.4943,0.6757,0.1814,0.5529,0.9375,0.3846,130,0.7052,24,6,345,417,0,0,762,false,,false,NO_DETECTION,A2_H_mask6_seed42_budget80.png
A2-20261002-1,2026-10-02T19:49:19.223Z,synthetic-circle,g.co,4,H,6,A1-H-M6,42,93,93,93,93,1,0.4943,0.7052,0.2109,0.5529,1,0.4471,130,0.7052,26,6,413,516,0,10,939,false,,false,NO_DETECTION,A2_H_mask6_seed42_budget93.png
A2-20261002-1,2026-10-02T19:49:19.223Z,synthetic-circle,g.co,4,H,6,A1-H-M6,43,0,0,0,93,0,0.4943,0.4943,0,0.5529,0.5529,0,130,0.7052,0,0,183,147,40,0,370,true,g.co,true,EXACT,A2_H_mask6_seed43_budget0.png
A2-20261002-1,2026-10-02T19:49:19.223Z,synthetic-circle,g.co,4,H,6,A1-H-M6,43,1,1,1,93,0.010753,0.4943,0.4966,0.0023,0.5529,0.5577,0.0048,130,0.7052,1,1,183,144,40,0,367,true,g.co,true,EXACT,A2_H_mask6_seed43_budget1.png
A2-20261002-1,2026-10-02T19:49:19.223Z,synthetic-circle,g.co,4,H,6,A1-H-M6,43,2,2,2,93,0.021505,0.4943,0.4989,0.0045,0.5529,0.5625,0.0096,130,0.7052,2,1,189,150,40,0,379,true,g.co,true,EXACT,A2_H_mask6_seed43_budget2.png
A2-20261002-1,2026-10-02T19:49:19.223Z,synthetic-circle,g.co,4,H,6,A1-H-M6,43,4,4,4,93,0.043011,0.4943,0.5034,0.0091,0.5529,0.5721,0.0192,130,0.7052,4,1,189,153,40,0,382,true,g.co,true,EXACT,A2_H_mask6_seed43_budget4.png
A2-20261002-1,2026-10-02T19:49:19.223Z,synthetic-circle,g.co,4,H,6,A1-H-M6,43,6,6,6,93,0.064516,0.4943,0.5079,0.0136,0.5529,0.5817,0.0288,130,0.7052,5,2,202,165,40,0,407,true,g.co,true,EXACT,A2_H_mask6_seed43_budget6.png
A2-20261002-1,2026-10-02T19:49:19.223Z,synthetic-circle,g.co,4,H,6,A1-H-M6,43,8,8,8,93,0.086022,0.4943,0.5125,0.0181,0.5529,0.5913,0.0385,130,0.7052,7,2,200,162,40,0,402,true,g.co,true,EXACT,A2_H_mask6_seed43_budget8.png
A2-20261002-1,2026-10-02T19:49:19.223Z,synthetic-circle,g.co,4,H,6,A1-H-M6,43,10,10,10,93,0.107527,0.4943,0.517,0.0227,0.5529,0.601,0.0481,130,0.7052,9,2,204,174,40,0,418,false,,false,NO_DETECTION,A2_H_mask6_seed43_budget10.png
A2-20261002-1,2026-10-02T19:49:19.223Z,synthetic-circle,g.co,4,H,6,A1-H-M6,43,12,12,12,93,0.129032,0.4943,0.5215,0.0272,0.5529,0.6106,0.0577,130,0.7052,9,2,210,183,40,0,433,false,,false,NO_DETECTION,A2_H_mask6_seed43_budget12.png
A2-20261002-1,2026-10-02T19:49:19.223Z,synthetic-circle,g.co,4,H,6,A1-H-M6,43,16,16,16,93,0.172043,0.4943,0.5306,0.0363,0.5529,0.6298,0.0769,130,0.7052,11,2,208,195,40,0,443,false,,false,NO_DETECTION,A2_H_mask6_seed43_budget16.png
A2-20261002-1,2026-10-02T19:49:19.223Z,synthetic-circle,g.co,4,H,6,A1-H-M6,43,20,20,20,93,0.215054,0.4943,0.5397,0.0454,0.5529,0.649,0.0962,130,0.7052,14,3,210,201,40,0,451,false,,false,NO_DETECTION,A2_H_mask6_seed43_budget20.png
A2-20261002-1,2026-10-02T19:49:19.223Z,synthetic-circle,g.co,4,H,6,A1-H-M6,43,24,24,24,93,0.258065,0.4943,0.5488,0.0544,0.5529,0.6683,0.1154,130,0.7052,15,3,210,210,40,0,460,false,,false,NO_DETECTION,A2_H_mask6_seed43_budget24.png
A2-20261002-1,2026-10-02T19:49:19.223Z,synthetic-circle,g.co,4,H,6,A1-H-M6,43,32,32,32,93,0.344086,0.4943,0.5669,0.0726,0.5529,0.7067,0.1538,130,0.7052,18,3,218,228,40,0,486,false,,false,NO_DETECTION,A2_H_mask6_seed43_budget32.png
A2-20261002-1,2026-10-02T19:49:19.223Z,synthetic-circle,g.co,4,H,6,A1-H-M6,43,40,40,40,93,0.430108,0.4943,0.585,0.0907,0.5529,0.7452,0.1923,130,0.7052,21,4,221,237,40,0,498,false,,false,NO_DETECTION,A2_H_mask6_seed43_budget40.png
A2-20261002-1,2026-10-02T19:49:19.223Z,synthetic-circle,g.co,4,H,6,A1-H-M6,43,48,48,48,93,0.516129,0.4943,0.6032,0.1088,0.5529,0.7837,0.2308,130,0.7052,23,5,249,267,40,10,566,false,,false,NO_DETECTION,A2_H_mask6_seed43_budget48.png
A2-20261002-1,2026-10-02T19:49:19.223Z,synthetic-circle,g.co,4,H,6,A1-H-M6,43,64,64,64,93,0.688172,0.4943,0.6395,0.1451,0.5529,0.8606,0.3077,130,0.7052,26,6,300,345,40,10,695,false,,false,NO_DETECTION,A2_H_mask6_seed43_budget64.png
A2-20261002-1,2026-10-02T19:49:19.223Z,synthetic-circle,g.co,4,H,6,A1-H-M6,43,80,80,80,93,0.860215,0.4943,0.6757,0.1814,0.5529,0.9375,0.3846,130,0.7052,26,6,360,429,0,10,799,false,,false,NO_DETECTION,A2_H_mask6_seed43_budget80.png
A2-20261002-1,2026-10-02T19:49:19.223Z,synthetic-circle,g.co,4,H,6,A1-H-M6,43,93,93,93,93,1,0.4943,0.7052,0.2109,0.5529,1,0.4471,130,0.7052,26,6,413,516,0,10,939,false,,false,NO_DETECTION,A2_H_mask6_seed43_budget93.png
A2-20261002-1,2026-10-02T19:49:19.223Z,synthetic-circle,g.co,4,H,6,A1-H-M6,44,0,0,0,93,0,0.4943,0.4943,0,0.5529,0.5529,0,130,0.7052,0,0,183,147,40,0,370,true,g.co,true,EXACT,A2_H_mask6_seed44_budget0.png
A2-20261002-1,2026-10-02T19:49:19.223Z,synthetic-circle,g.co,4,H,6,A1-H-M6,44,1,1,1,93,0.010753,0.4943,0.4966,0.0023,0.5529,0.5577,0.0048,130,0.7052,1,1,183,159,40,0,382,true,g.co,true,EXACT,A2_H_mask6_seed44_budget1.png
A2-20261002-1,2026-10-02T19:49:19.223Z,synthetic-circle,g.co,4,H,6,A1-H-M6,44,2,2,2,93,0.021505,0.4943,0.4989,0.0045,0.5529,0.5625,0.0096,130,0.7052,2,1,181,156,40,0,377,true,g.co,true,EXACT,A2_H_mask6_seed44_budget2.png
A2-20261002-1,2026-10-02T19:49:19.223Z,synthetic-circle,g.co,4,H,6,A1-H-M6,44,4,4,4,93,0.043011,0.4943,0.5034,0.0091,0.5529,0.5721,0.0192,130,0.7052,4,1,177,159,40,0,376,true,g.co,true,EXACT,A2_H_mask6_seed44_budget4.png
A2-20261002-1,2026-10-02T19:49:19.223Z,synthetic-circle,g.co,4,H,6,A1-H-M6,44,6,6,6,93,0.064516,0.4943,0.5079,0.0136,0.5529,0.5817,0.0288,130,0.7052,6,1,176,153,40,0,369,true,g.co,true,EXACT,A2_H_mask6_seed44_budget6.png
A2-20261002-1,2026-10-02T19:49:19.223Z,synthetic-circle,g.co,4,H,6,A1-H-M6,44,8,8,8,93,0.086022,0.4943,0.5125,0.0181,0.5529,0.5913,0.0385,130,0.7052,8,1,176,159,40,0,375,true,g.co,true,EXACT,A2_H_mask6_seed44_budget8.png
A2-20261002-1,2026-10-02T19:49:19.223Z,synthetic-circle,g.co,4,H,6,A1-H-M6,44,10,10,10,93,0.107527,0.4943,0.517,0.0227,0.5529,0.601,0.0481,130,0.7052,9,2,176,165,40,0,381,false,,false,NO_DETECTION,A2_H_mask6_seed44_budget10.png
A2-20261002-1,2026-10-02T19:49:19.223Z,synthetic-circle,g.co,4,H,6,A1-H-M6,44,12,12,12,93,0.129032,0.4943,0.5215,0.0272,0.5529,0.6106,0.0577,130,0.7052,11,2,183,171,40,0,394,false,,false,NO_DETECTION,A2_H_mask6_seed44_budget12.png
A2-20261002-1,2026-10-02T19:49:19.223Z,synthetic-circle,g.co,4,H,6,A1-H-M6,44,16,16,16,93,0.172043,0.4943,0.5306,0.0363,0.5529,0.6298,0.0769,130,0.7052,15,2,184,180,40,0,404,false,,false,NO_DETECTION,A2_H_mask6_seed44_budget16.png
A2-20261002-1,2026-10-02T19:49:19.223Z,synthetic-circle,g.co,4,H,6,A1-H-M6,44,20,20,20,93,0.215054,0.4943,0.5397,0.0454,0.5529,0.649,0.0962,130,0.7052,17,2,188,183,40,0,411,false,,false,NO_DETECTION,A2_H_mask6_seed44_budget20.png
A2-20261002-1,2026-10-02T19:49:19.223Z,synthetic-circle,g.co,4,H,6,A1-H-M6,44,24,24,24,93,0.258065,0.4943,0.5488,0.0544,0.5529,0.6683,0.1154,130,0.7052,18,3,201,189,40,0,430,false,,false,NO_DETECTION,A2_H_mask6_seed44_budget24.png
A2-20261002-1,2026-10-02T19:49:19.223Z,synthetic-circle,g.co,4,H,6,A1-H-M6,44,32,32,32,93,0.344086,0.4943,0.5669,0.0726,0.5529,0.7067,0.1538,130,0.7052,21,3,202,204,40,0,446,false,,false,NO_DETECTION,A2_H_mask6_seed44_budget32.png
A2-20261002-1,2026-10-02T19:49:19.223Z,synthetic-circle,g.co,4,H,6,A1-H-M6,44,40,40,40,93,0.430108,0.4943,0.585,0.0907,0.5529,0.7452,0.1923,130,0.7052,22,4,229,228,40,0,497,false,,false,NO_DETECTION,A2_H_mask6_seed44_budget40.png
A2-20261002-1,2026-10-02T19:49:19.223Z,synthetic-circle,g.co,4,H,6,A1-H-M6,44,48,48,48,93,0.516129,0.4943,0.6032,0.1088,0.5529,0.7837,0.2308,130,0.7052,25,4,255,264,40,0,559,false,,false,NO_DETECTION,A2_H_mask6_seed44_budget48.png
A2-20261002-1,2026-10-02T19:49:19.223Z,synthetic-circle,g.co,4,H,6,A1-H-M6,44,64,64,64,93,0.688172,0.4943,0.6395,0.1451,0.5529,0.8606,0.3077,130,0.7052,25,5,298,312,0,0,610,false,,false,NO_DETECTION,A2_H_mask6_seed44_budget64.png
A2-20261002-1,2026-10-02T19:49:19.223Z,synthetic-circle,g.co,4,H,6,A1-H-M6,44,80,80,80,93,0.860215,0.4943,0.6757,0.1814,0.5529,0.9375,0.3846,130,0.7052,25,6,355,420,0,0,775,false,,false,NO_DETECTION,A2_H_mask6_seed44_budget80.png
A2-20261002-1,2026-10-02T19:49:19.223Z,synthetic-circle,g.co,4,H,6,A1-H-M6,44,93,93,93,93,1,0.4943,0.7052,0.2109,0.5529,1,0.4471,130,0.7052,26,6,413,516,0,10,939,false,,false,NO_DETECTION,A2_H_mask6_seed44_budget93.png
A2-20261002-1,2026-10-02T19:49:19.223Z,synthetic-circle,g.co,4,H,6,A1-H-M6,45,0,0,0,93,0,0.4943,0.4943,0,0.5529,0.5529,0,130,0.7052,0,0,183,147,40,0,370,true,g.co,true,EXACT,A2_H_mask6_seed45_budget0.png
A2-20261002-1,2026-10-02T19:49:19.223Z,synthetic-circle,g.co,4,H,6,A1-H-M6,45,1,1,1,93,0.010753,0.4943,0.4966,0.0023,0.5529,0.5577,0.0048,130,0.7052,1,1,183,144,40,0,367,true,g.co,true,EXACT,A2_H_mask6_seed45_budget1.png
A2-20261002-1,2026-10-02T19:49:19.223Z,synthetic-circle,g.co,4,H,6,A1-H-M6,45,2,2,2,93,0.021505,0.4943,0.4989,0.0045,0.5529,0.5625,0.0096,130,0.7052,2,1,183,144,40,0,367,true,g.co,true,EXACT,A2_H_mask6_seed45_budget2.png
A2-20261002-1,2026-10-02T19:49:19.223Z,synthetic-circle,g.co,4,H,6,A1-H-M6,45,4,4,4,93,0.043011,0.4943,0.5034,0.0091,0.5529,0.5721,0.0192,130,0.7052,4,1,182,144,40,0,366,true,g.co,true,EXACT,A2_H_mask6_seed45_budget4.png
A2-20261002-1,2026-10-02T19:49:19.223Z,synthetic-circle,g.co,4,H,6,A1-H-M6,45,6,6,6,93,0.064516,0.4943,0.5079,0.0136,0.5529,0.5817,0.0288,130,0.7052,6,1,182,153,40,0,375,true,g.co,true,EXACT,A2_H_mask6_seed45_budget6.png
A2-20261002-1,2026-10-02T19:49:19.223Z,synthetic-circle,g.co,4,H,6,A1-H-M6,45,8,8,8,93,0.086022,0.4943,0.5125,0.0181,0.5529,0.5913,0.0385,130,0.7052,7,2,182,153,40,0,375,true,g.co,true,EXACT,A2_H_mask6_seed45_budget8.png
A2-20261002-1,2026-10-02T19:49:19.223Z,synthetic-circle,g.co,4,H,6,A1-H-M6,45,10,10,10,93,0.107527,0.4943,0.517,0.0227,0.5529,0.601,0.0481,130,0.7052,7,2,182,159,40,0,381,true,g.co,true,EXACT,A2_H_mask6_seed45_budget10.png
A2-20261002-1,2026-10-02T19:49:19.223Z,synthetic-circle,g.co,4,H,6,A1-H-M6,45,12,12,12,93,0.129032,0.4943,0.5215,0.0272,0.5529,0.6106,0.0577,130,0.7052,9,2,177,156,40,0,373,false,,false,NO_DETECTION,A2_H_mask6_seed45_budget12.png
A2-20261002-1,2026-10-02T19:49:19.223Z,synthetic-circle,g.co,4,H,6,A1-H-M6,45,16,16,16,93,0.172043,0.4943,0.5306,0.0363,0.5529,0.6298,0.0769,130,0.7052,12,2,187,168,40,0,395,false,,false,NO_DETECTION,A2_H_mask6_seed45_budget16.png
A2-20261002-1,2026-10-02T19:49:19.223Z,synthetic-circle,g.co,4,H,6,A1-H-M6,45,20,20,20,93,0.215054,0.4943,0.5397,0.0454,0.5529,0.649,0.0962,130,0.7052,15,2,196,171,80,0,447,false,,false,NO_DETECTION,A2_H_mask6_seed45_budget20.png
A2-20261002-1,2026-10-02T19:49:19.223Z,synthetic-circle,g.co,4,H,6,A1-H-M6,45,24,24,24,93,0.258065,0.4943,0.5488,0.0544,0.5529,0.6683,0.1154,130,0.7052,17,3,210,192,40,0,442,false,,false,NO_DETECTION,A2_H_mask6_seed45_budget24.png
A2-20261002-1,2026-10-02T19:49:19.223Z,synthetic-circle,g.co,4,H,6,A1-H-M6,45,32,32,32,93,0.344086,0.4943,0.5669,0.0726,0.5529,0.7067,0.1538,130,0.7052,20,3,219,210,40,0,469,false,,false,NO_DETECTION,A2_H_mask6_seed45_budget32.png
A2-20261002-1,2026-10-02T19:49:19.223Z,synthetic-circle,g.co,4,H,6,A1-H-M6,45,40,40,40,93,0.430108,0.4943,0.585,0.0907,0.5529,0.7452,0.1923,130,0.7052,21,3,233,228,40,0,501,false,,false,NO_DETECTION,A2_H_mask6_seed45_budget40.png
A2-20261002-1,2026-10-02T19:49:19.223Z,synthetic-circle,g.co,4,H,6,A1-H-M6,45,48,48,48,93,0.516129,0.4943,0.6032,0.1088,0.5529,0.7837,0.2308,130,0.7052,22,5,253,258,40,10,561,false,,false,NO_DETECTION,A2_H_mask6_seed45_budget48.png
A2-20261002-1,2026-10-02T19:49:19.223Z,synthetic-circle,g.co,4,H,6,A1-H-M6,45,64,64,64,93,0.688172,0.4943,0.6395,0.1451,0.5529,0.8606,0.3077,130,0.7052,24,6,305,348,0,10,663,false,,false,NO_DETECTION,A2_H_mask6_seed45_budget64.png
A2-20261002-1,2026-10-02T19:49:19.223Z,synthetic-circle,g.co,4,H,6,A1-H-M6,45,80,80,80,93,0.860215,0.4943,0.6757,0.1814,0.5529,0.9375,0.3846,130,0.7052,26,6,351,417,0,10,778,false,,false,NO_DETECTION,A2_H_mask6_seed45_budget80.png
A2-20261002-1,2026-10-02T19:49:19.223Z,synthetic-circle,g.co,4,H,6,A1-H-M6,45,93,93,93,93,1,0.4943,0.7052,0.2109,0.5529,1,0.4471,130,0.7052,26,6,413,516,0,10,939,false,,false,NO_DETECTION,A2_H_mask6_seed45_budget93.png
A2-20261002-1,2026-10-02T19:49:19.223Z,synthetic-circle,g.co,4,H,6,A1-H-M6,46,0,0,0,93,0,0.4943,0.4943,0,0.5529,0.5529,0,130,0.7052,0,0,183,147,40,0,370,true,g.co,true,EXACT,A2_H_mask6_seed46_budget0.png
A2-20261002-1,2026-10-02T19:49:19.223Z,synthetic-circle,g.co,4,H,6,A1-H-M6,46,1,1,1,93,0.010753,0.4943,0.4966,0.0023,0.5529,0.5577,0.0048,130,0.7052,1,1,183,144,40,0,367,true,g.co,true,EXACT,A2_H_mask6_seed46_budget1.png
A2-20261002-1,2026-10-02T19:49:19.223Z,synthetic-circle,g.co,4,H,6,A1-H-M6,46,2,2,2,93,0.021505,0.4943,0.4989,0.0045,0.5529,0.5625,0.0096,130,0.7052,2,1,184,144,40,0,368,true,g.co,true,EXACT,A2_H_mask6_seed46_budget2.png
A2-20261002-1,2026-10-02T19:49:19.223Z,synthetic-circle,g.co,4,H,6,A1-H-M6,46,4,4,4,93,0.043011,0.4943,0.5034,0.0091,0.5529,0.5721,0.0192,130,0.7052,4,1,184,144,40,0,368,true,g.co,true,EXACT,A2_H_mask6_seed46_budget4.png
A2-20261002-1,2026-10-02T19:49:19.223Z,synthetic-circle,g.co,4,H,6,A1-H-M6,46,6,6,6,93,0.064516,0.4943,0.5079,0.0136,0.5529,0.5817,0.0288,130,0.7052,6,1,182,141,40,0,363,true,g.co,true,EXACT,A2_H_mask6_seed46_budget6.png
A2-20261002-1,2026-10-02T19:49:19.223Z,synthetic-circle,g.co,4,H,6,A1-H-M6,46,8,8,8,93,0.086022,0.4943,0.5125,0.0181,0.5529,0.5913,0.0385,130,0.7052,8,1,182,144,40,0,366,true,g.co,true,EXACT,A2_H_mask6_seed46_budget8.png
A2-20261002-1,2026-10-02T19:49:19.223Z,synthetic-circle,g.co,4,H,6,A1-H-M6,46,10,10,10,93,0.107527,0.4943,0.517,0.0227,0.5529,0.601,0.0481,130,0.7052,10,1,185,150,40,0,375,false,,false,NO_DETECTION,A2_H_mask6_seed46_budget10.png
A2-20261002-1,2026-10-02T19:49:19.223Z,synthetic-circle,g.co,4,H,6,A1-H-M6,46,12,12,12,93,0.129032,0.4943,0.5215,0.0272,0.5529,0.6106,0.0577,130,0.7052,11,2,184,153,40,0,377,false,,false,NO_DETECTION,A2_H_mask6_seed46_budget12.png
A2-20261002-1,2026-10-02T19:49:19.223Z,synthetic-circle,g.co,4,H,6,A1-H-M6,46,16,16,16,93,0.172043,0.4943,0.5306,0.0363,0.5529,0.6298,0.0769,130,0.7052,15,2,192,156,40,0,388,false,,false,NO_DETECTION,A2_H_mask6_seed46_budget16.png
A2-20261002-1,2026-10-02T19:49:19.223Z,synthetic-circle,g.co,4,H,6,A1-H-M6,46,20,20,20,93,0.215054,0.4943,0.5397,0.0454,0.5529,0.649,0.0962,130,0.7052,16,3,192,165,40,0,397,false,,false,NO_DETECTION,A2_H_mask6_seed46_budget20.png
A2-20261002-1,2026-10-02T19:49:19.223Z,synthetic-circle,g.co,4,H,6,A1-H-M6,46,24,24,24,93,0.258065,0.4943,0.5488,0.0544,0.5529,0.6683,0.1154,130,0.7052,18,3,193,168,40,0,401,false,,false,NO_DETECTION,A2_H_mask6_seed46_budget24.png
A2-20261002-1,2026-10-02T19:49:19.223Z,synthetic-circle,g.co,4,H,6,A1-H-M6,46,32,32,32,93,0.344086,0.4943,0.5669,0.0726,0.5529,0.7067,0.1538,130,0.7052,20,4,221,192,40,0,453,false,,false,NO_DETECTION,A2_H_mask6_seed46_budget32.png
A2-20261002-1,2026-10-02T19:49:19.223Z,synthetic-circle,g.co,4,H,6,A1-H-M6,46,40,40,40,93,0.430108,0.4943,0.585,0.0907,0.5529,0.7452,0.1923,130,0.7052,22,4,245,237,40,0,522,false,,false,NO_DETECTION,A2_H_mask6_seed46_budget40.png
A2-20261002-1,2026-10-02T19:49:19.223Z,synthetic-circle,g.co,4,H,6,A1-H-M6,46,48,48,48,93,0.516129,0.4943,0.6032,0.1088,0.5529,0.7837,0.2308,130,0.7052,22,4,258,264,40,0,562,false,,false,NO_DETECTION,A2_H_mask6_seed46_budget48.png
A2-20261002-1,2026-10-02T19:49:19.223Z,synthetic-circle,g.co,4,H,6,A1-H-M6,46,64,64,64,93,0.688172,0.4943,0.6395,0.1451,0.5529,0.8606,0.3077,130,0.7052,25,5,298,330,40,0,668,false,,false,NO_DETECTION,A2_H_mask6_seed46_budget64.png
A2-20261002-1,2026-10-02T19:49:19.223Z,synthetic-circle,g.co,4,H,6,A1-H-M6,46,80,80,80,93,0.860215,0.4943,0.6757,0.1814,0.5529,0.9375,0.3846,130,0.7052,26,6,357,423,0,10,790,false,,false,NO_DETECTION,A2_H_mask6_seed46_budget80.png
A2-20261002-1,2026-10-02T19:49:19.223Z,synthetic-circle,g.co,4,H,6,A1-H-M6,46,93,93,93,93,1,0.4943,0.7052,0.2109,0.5529,1,0.4471,130,0.7052,26,6,413,516,0,10,939,false,,false,NO_DETECTION,A2_H_mask6_seed46_budget93.png
