run_id,candidate_id,strategy,target_name,payload,base_ecc,base_mask,seed,module_budget,actual_modified_modules,full_similarity_before,full_similarity_after,full_similarity_gain,mutable_similarity_after,affected_codeword_count,affected_codeword_indices,packing_efficiency,max_flips_in_single_codeword,mean_flips_per_affected_codeword,affected_data_codewords,affected_ecc_codewords,penalty_rule_1,penalty_rule_2,penalty_rule_3,penalty_rule_4,penalty_total,jsqr_decode_status,opencv_decode_status,candidate_filename
A3-20261002-1,A2clean_H_mask6_seed42_b0,A2_RANDOM,synthetic-circle,g.co,H,6,42,0,0,0.4943,0.4943,0,0.5529,0,,0,0,0,0,0,183,147,40,0,370,EXACT,,A2clean_H_mask6_seed42_b0.png
A3-20261002-1,A2clean_H_mask6_seed42_b1,A2_RANDOM,synthetic-circle,g.co,H,6,42,1,1,0.4943,0.4966,0.0023,0.5577,1,23,1,1,1,0,1,177,147,40,0,364,EXACT,,A2clean_H_mask6_seed42_b1.png
A3-20261002-1,A2clean_H_mask6_seed42_b2,A2_RANDOM,synthetic-circle,g.co,H,6,42,2,2,0.4943,0.4989,0.0045,0.5625,1,23,2,2,2,0,1,177,147,40,0,364,EXACT,,A2clean_H_mask6_seed42_b2.png
A3-20261002-1,A2clean_H_mask6_seed42_b3,A2_RANDOM,synthetic-circle,g.co,H,6,42,3,3,0.4943,0.5011,0.0068,0.5673,2,13;23,1.5,2,1.5,0,2,176,147,40,0,363,EXACT,,A2clean_H_mask6_seed42_b3.png
A3-20261002-1,A2clean_H_mask6_seed42_b4,A2_RANDOM,synthetic-circle,g.co,H,6,42,4,4,0.4943,0.5034,0.0091,0.5721,2,13;23,2,3,2,0,2,176,150,40,0,366,EXACT,,A2clean_H_mask6_seed42_b4.png
A3-20261002-1,A2clean_H_mask6_seed42_b5,A2_RANDOM,synthetic-circle,g.co,H,6,42,5,5,0.4943,0.5057,0.0113,0.5769,3,13;19;23,1.666667,3,1.666667,0,3,172,144,40,0,356,EXACT,,A2clean_H_mask6_seed42_b5.png
A3-20261002-1,A2clean_H_mask6_seed42_b6,A2_RANDOM,synthetic-circle,g.co,H,6,42,6,6,0.4943,0.5079,0.0136,0.5817,3,13;19;23,2,4,2,0,3,175,138,40,0,353,EXACT,,A2clean_H_mask6_seed42_b6.png
A3-20261002-1,A2clean_H_mask6_seed42_b7,A2_RANDOM,synthetic-circle,g.co,H,6,42,7,7,0.4943,0.5102,0.0159,0.5865,4,13;16;19;23,1.75,4,1.75,0,4,175,147,40,0,362,EXACT,,A2clean_H_mask6_seed42_b7.png
A3-20261002-1,A2clean_H_mask6_seed42_b8,A2_RANDOM,synthetic-circle,g.co,H,6,42,8,8,0.4943,0.5125,0.0181,0.5913,5,11;13;16;19;23,1.6,4,1.6,0,5,175,147,40,0,362,EXACT,,A2clean_H_mask6_seed42_b8.png
A3-20261002-1,A2clean_H_mask6_seed42_b9,A2_RANDOM,synthetic-circle,g.co,H,6,42,9,9,0.4943,0.5147,0.0204,0.5962,5,11;13;16;19;23,1.8,4,1.8,0,5,175,150,40,0,365,EXACT,,A2clean_H_mask6_seed42_b9.png
A3-20261002-1,A2clean_H_mask6_seed42_b10,A2_RANDOM,synthetic-circle,g.co,H,6,42,10,10,0.4943,0.517,0.0227,0.601,5,11;13;16;19;23,2,4,2,0,5,172,147,40,0,359,EXACT,,A2clean_H_mask6_seed42_b10.png
A3-20261002-1,A2clean_H_mask6_seed42_b11,A2_RANDOM,synthetic-circle,g.co,H,6,42,11,11,0.4943,0.5193,0.0249,0.6058,6,11;13;16;19;22;23,1.833333,4,1.833333,0,6,172,147,80,0,399,EXACT,,A2clean_H_mask6_seed42_b11.png
A3-20261002-1,A2clean_H_mask6_seed42_b12,A2_RANDOM,synthetic-circle,g.co,H,6,42,12,12,0.4943,0.5215,0.0272,0.6106,7,11;13;15;16;19;22;23,1.714286,4,1.714286,0,7,175,156,80,0,411,EXACT,,A2clean_H_mask6_seed42_b12.png
A3-20261002-1,A2clean_H_mask6_seed42_b13,A2_RANDOM,synthetic-circle,g.co,H,6,42,13,13,0.4943,0.5238,0.0295,0.6154,8,4;11;13;15;16;19;22;23,1.625,4,1.625,1,7,172,153,80,0,405,EXACT,,A2clean_H_mask6_seed42_b13.png
A3-20261002-1,A2clean_H_mask6_seed42_b14,A2_RANDOM,synthetic-circle,g.co,H,6,42,14,14,0.4943,0.5261,0.0317,0.6202,9,4;11;13;15;16;18;19;22;23,1.555556,4,1.555556,1,8,178,156,80,0,414,NO_DETECTION,,A2clean_H_mask6_seed42_b14.png
A3-20261002-1,A2clean_H_mask6_seed42_b15,A2_RANDOM,synthetic-circle,g.co,H,6,42,15,15,0.4943,0.5283,0.034,0.625,10,0;4;11;13;15;16;18;19;22;23,1.5,4,1.5,2,8,179,156,80,0,415,NO_DETECTION,,A2clean_H_mask6_seed42_b15.png
A3-20261002-1,A2clean_H_mask6_seed42_b16,A2_RANDOM,synthetic-circle,g.co,H,6,42,16,16,0.4943,0.5306,0.0363,0.6298,10,0;4;11;13;15;16;18;19;22;23,1.6,4,1.6,2,8,180,159,80,0,419,NO_DETECTION,,A2clean_H_mask6_seed42_b16.png
A3-20261002-1,A2clean_H_mask6_seed42_b20,A2_RANDOM,synthetic-circle,g.co,H,6,42,20,20,0.4943,0.5397,0.0454,0.649,11,0;3;4;11;13;15;16;18;19;22;23,1.818182,4,1.818182,3,8,183,159,80,0,422,NO_DETECTION,,A2clean_H_mask6_seed42_b20.png
A3-20261002-1,A2clean_H_mask6_seed42_b24,A2_RANDOM,synthetic-circle,g.co,H,6,42,24,24,0.4943,0.5488,0.0544,0.6683,14,0;3;4;8;9;11;13;15;16;17;18;19;22;23,1.714286,4,1.714286,4,10,188,165,120,0,473,NO_DETECTION,,A2clean_H_mask6_seed42_b24.png
A3-20261002-1,A2clean_H_mask6_seed42_b32,A2_RANDOM,synthetic-circle,g.co,H,6,42,32,32,0.4943,0.5669,0.0726,0.7067,18,0;3;4;5;6;8;9;11;13;15;16;17;18;19;21;22;23;24,1.777778,4,1.777778,6,12,197,177,80,0,454,NO_DETECTION,,A2clean_H_mask6_seed42_b32.png
A3-20261002-1,A2clean_H_mask6_seed42_b40,A2_RANDOM,synthetic-circle,g.co,H,6,42,40,40,0.4943,0.585,0.0907,0.7452,21,0;1;2;3;4;5;6;8;9;10;11;13;15;16;17;18;19;21;22;23;24,1.904762,5,1.904762,8,13,226,207,40,0,473,NO_DETECTION,,A2clean_H_mask6_seed42_b40.png
A3-20261002-1,A2clean_H_mask6_seed42_b48,A2_RANDOM,synthetic-circle,g.co,H,6,42,48,48,0.4943,0.6032,0.1088,0.7837,22,0;1;2;3;4;5;6;8;9;10;11;13;14;15;16;17;18;19;21;22;23;24,2.181818,6,2.181818,8,14,242,240,40,0,522,NO_DETECTION,,A2clean_H_mask6_seed42_b48.png
A3-20261002-1,A2clean_H_mask6_seed42_b64,A2_RANDOM,synthetic-circle,g.co,H,6,42,64,64,0.4943,0.6395,0.1451,0.8606,24,0;1;2;3;4;5;6;7;8;9;10;11;13;14;15;16;17;18;19;21;22;23;24;25,2.666667,6,2.666667,9,15,296,327,0,0,623,NO_DETECTION,,A2clean_H_mask6_seed42_b64.png
A3-20261002-1,A2clean_H_mask6_seed42_b80,A2_RANDOM,synthetic-circle,g.co,H,6,42,80,80,0.4943,0.6757,0.1814,0.9375,24,0;1;2;3;4;5;6;7;8;9;10;11;13;14;15;16;17;18;19;21;22;23;24;25,3.333333,6,3.333333,9,15,345,417,0,0,762,NO_DETECTION,,A2clean_H_mask6_seed42_b80.png
A3-20261002-1,A2clean_H_mask6_seed42_b93,A2_RANDOM,synthetic-circle,g.co,H,6,42,93,93,0.4943,0.7052,0.2109,1,26,0;1;2;3;4;5;6;7;8;9;10;11;12;13;14;15;16;17;18;19;20;21;22;23;24;25,3.576923,6,3.576923,9,17,413,516,0,10,939,NO_DETECTION,,A2clean_H_mask6_seed42_b93.png
A3-20261002-1,A2clean_H_mask6_seed43_b0,A2_RANDOM,synthetic-circle,g.co,H,6,43,0,0,0.4943,0.4943,0,0.5529,0,,0,0,0,0,0,183,147,40,0,370,EXACT,,A2clean_H_mask6_seed43_b0.png
A3-20261002-1,A2clean_H_mask6_seed43_b1,A2_RANDOM,synthetic-circle,g.co,H,6,43,1,1,0.4943,0.4966,0.0023,0.5577,1,0,1,1,1,1,0,183,144,40,0,367,EXACT,,A2clean_H_mask6_seed43_b1.png
A3-20261002-1,A2clean_H_mask6_seed43_b2,A2_RANDOM,synthetic-circle,g.co,H,6,43,2,2,0.4943,0.4989,0.0045,0.5625,2,0;10,1,1,1,1,1,189,150,40,0,379,EXACT,,A2clean_H_mask6_seed43_b2.png
A3-20261002-1,A2clean_H_mask6_seed43_b3,A2_RANDOM,synthetic-circle,g.co,H,6,43,3,3,0.4943,0.5011,0.0068,0.5673,3,0;1;10,1,1,1,2,1,189,153,40,0,382,EXACT,,A2clean_H_mask6_seed43_b3.png
A3-20261002-1,A2clean_H_mask6_seed43_b4,A2_RANDOM,synthetic-circle,g.co,H,6,43,4,4,0.4943,0.5034,0.0091,0.5721,4,0;1;4;10,1,1,1,3,1,189,153,40,0,382,EXACT,,A2clean_H_mask6_seed43_b4.png
A3-20261002-1,A2clean_H_mask6_seed43_b5,A2_RANDOM,synthetic-circle,g.co,H,6,43,5,5,0.4943,0.5057,0.0113,0.5769,4,0;1;4;10,1.25,2,1.25,3,1,194,162,40,0,396,EXACT,,A2clean_H_mask6_seed43_b5.png
A3-20261002-1,A2clean_H_mask6_seed43_b6,A2_RANDOM,synthetic-circle,g.co,H,6,43,6,6,0.4943,0.5079,0.0136,0.5817,5,0;1;4;10;17,1.2,2,1.2,3,2,202,165,40,0,407,EXACT,,A2clean_H_mask6_seed43_b6.png
A3-20261002-1,A2clean_H_mask6_seed43_b7,A2_RANDOM,synthetic-circle,g.co,H,6,43,7,7,0.4943,0.5102,0.0159,0.5865,6,0;1;4;10;17;20,1.166667,2,1.166667,3,3,205,162,40,0,407,EXACT,,A2clean_H_mask6_seed43_b7.png
A3-20261002-1,A2clean_H_mask6_seed43_b8,A2_RANDOM,synthetic-circle,g.co,H,6,43,8,8,0.4943,0.5125,0.0181,0.5913,7,0;1;4;10;17;20;23,1.142857,2,1.142857,3,4,200,162,40,0,402,EXACT,,A2clean_H_mask6_seed43_b8.png
A3-20261002-1,A2clean_H_mask6_seed43_b9,A2_RANDOM,synthetic-circle,g.co,H,6,43,9,9,0.4943,0.5147,0.0204,0.5962,8,0;1;4;10;17;20;23;25,1.125,2,1.125,3,5,205,171,40,0,416,EXACT,,A2clean_H_mask6_seed43_b9.png
A3-20261002-1,A2clean_H_mask6_seed43_b10,A2_RANDOM,synthetic-circle,g.co,H,6,43,10,10,0.4943,0.517,0.0227,0.601,9,0;1;4;10;15;17;20;23;25,1.111111,2,1.111111,3,6,204,174,40,0,418,NO_DETECTION,,A2clean_H_mask6_seed43_b10.png
A3-20261002-1,A2clean_H_mask6_seed43_b11,A2_RANDOM,synthetic-circle,g.co,H,6,43,11,11,0.4943,0.5193,0.0249,0.6058,9,0;1;4;10;15;17;20;23;25,1.222222,2,1.222222,3,6,203,174,40,0,417,NO_DETECTION,,A2clean_H_mask6_seed43_b11.png
A3-20261002-1,A2clean_H_mask6_seed43_b12,A2_RANDOM,synthetic-circle,g.co,H,6,43,12,12,0.4943,0.5215,0.0272,0.6106,9,0;1;4;10;15;17;20;23;25,1.333333,2,1.333333,3,6,210,183,40,0,433,NO_DETECTION,,A2clean_H_mask6_seed43_b12.png
A3-20261002-1,A2clean_H_mask6_seed43_b13,A2_RANDOM,synthetic-circle,g.co,H,6,43,13,13,0.4943,0.5238,0.0295,0.6154,10,0;1;4;10;12;15;17;20;23;25,1.3,2,1.3,3,7,206,183,40,0,429,NO_DETECTION,,A2clean_H_mask6_seed43_b13.png
A3-20261002-1,A2clean_H_mask6_seed43_b14,A2_RANDOM,synthetic-circle,g.co,H,6,43,14,14,0.4943,0.5261,0.0317,0.6202,11,0;1;4;10;12;13;15;17;20;23;25,1.272727,2,1.272727,3,8,205,186,40,0,431,NO_DETECTION,,A2clean_H_mask6_seed43_b14.png
A3-20261002-1,A2clean_H_mask6_seed43_b15,A2_RANDOM,synthetic-circle,g.co,H,6,43,15,15,0.4943,0.5283,0.034,0.625,11,0;1;4;10;12;13;15;17;20;23;25,1.363636,2,1.363636,3,8,205,189,40,0,434,NO_DETECTION,,A2clean_H_mask6_seed43_b15.png
A3-20261002-1,A2clean_H_mask6_seed43_b16,A2_RANDOM,synthetic-circle,g.co,H,6,43,16,16,0.4943,0.5306,0.0363,0.6298,11,0;1;4;10;12;13;15;17;20;23;25,1.454545,2,1.454545,3,8,208,195,40,0,443,NO_DETECTION,,A2clean_H_mask6_seed43_b16.png
A3-20261002-1,A2clean_H_mask6_seed43_b20,A2_RANDOM,synthetic-circle,g.co,H,6,43,20,20,0.4943,0.5397,0.0454,0.649,14,0;1;4;9;10;12;13;15;17;19;20;21;23;25,1.428571,3,1.428571,3,11,210,201,40,0,451,NO_DETECTION,,A2clean_H_mask6_seed43_b20.png
A3-20261002-1,A2clean_H_mask6_seed43_b24,A2_RANDOM,synthetic-circle,g.co,H,6,43,24,24,0.4943,0.5488,0.0544,0.6683,15,0;1;3;4;9;10;12;13;15;17;19;20;21;23;25,1.6,3,1.6,4,11,210,210,40,0,460,NO_DETECTION,,A2clean_H_mask6_seed43_b24.png
A3-20261002-1,A2clean_H_mask6_seed43_b32,A2_RANDOM,synthetic-circle,g.co,H,6,43,32,32,0.4943,0.5669,0.0726,0.7067,18,0;1;3;4;7;9;10;11;12;13;14;15;17;19;20;21;23;25,1.777778,3,1.777778,5,13,218,228,40,0,486,NO_DETECTION,,A2clean_H_mask6_seed43_b32.png
A3-20261002-1,A2clean_H_mask6_seed43_b40,A2_RANDOM,synthetic-circle,g.co,H,6,43,40,40,0.4943,0.585,0.0907,0.7452,21,0;1;3;4;7;8;9;10;11;12;13;14;15;17;19;20;21;22;23;24;25,1.904762,4,1.904762,6,15,221,237,40,0,498,NO_DETECTION,,A2clean_H_mask6_seed43_b40.png
A3-20261002-1,A2clean_H_mask6_seed43_b48,A2_RANDOM,synthetic-circle,g.co,H,6,43,48,48,0.4943,0.6032,0.1088,0.7837,23,0;1;3;4;7;8;9;10;11;12;13;14;15;16;17;18;19;20;21;22;23;24;25,2.086957,5,2.086957,6,17,249,267,40,10,566,NO_DETECTION,,A2clean_H_mask6_seed43_b48.png
A3-20261002-1,A2clean_H_mask6_seed43_b64,A2_RANDOM,synthetic-circle,g.co,H,6,43,64,64,0.4943,0.6395,0.1451,0.8606,26,0;1;2;3;4;5;6;7;8;9;10;11;12;13;14;15;16;17;18;19;20;21;22;23;24;25,2.461538,6,2.461538,9,17,300,345,40,10,695,NO_DETECTION,,A2clean_H_mask6_seed43_b64.png
A3-20261002-1,A2clean_H_mask6_seed43_b80,A2_RANDOM,synthetic-circle,g.co,H,6,43,80,80,0.4943,0.6757,0.1814,0.9375,26,0;1;2;3;4;5;6;7;8;9;10;11;12;13;14;15;16;17;18;19;20;21;22;23;24;25,3.076923,6,3.076923,9,17,360,429,0,10,799,NO_DETECTION,,A2clean_H_mask6_seed43_b80.png
A3-20261002-1,A2clean_H_mask6_seed43_b93,A2_RANDOM,synthetic-circle,g.co,H,6,43,93,93,0.4943,0.7052,0.2109,1,26,0;1;2;3;4;5;6;7;8;9;10;11;12;13;14;15;16;17;18;19;20;21;22;23;24;25,3.576923,6,3.576923,9,17,413,516,0,10,939,NO_DETECTION,,A2clean_H_mask6_seed43_b93.png
A3-20261002-1,A2clean_H_mask6_seed44_b0,A2_RANDOM,synthetic-circle,g.co,H,6,44,0,0,0.4943,0.4943,0,0.5529,0,,0,0,0,0,0,183,147,40,0,370,EXACT,,A2clean_H_mask6_seed44_b0.png
A3-20261002-1,A2clean_H_mask6_seed44_b1,A2_RANDOM,synthetic-circle,g.co,H,6,44,1,1,0.4943,0.4966,0.0023,0.5577,1,6,1,1,1,1,0,183,159,40,0,382,EXACT,,A2clean_H_mask6_seed44_b1.png
A3-20261002-1,A2clean_H_mask6_seed44_b2,A2_RANDOM,synthetic-circle,g.co,H,6,44,2,2,0.4943,0.4989,0.0045,0.5625,2,6;23,1,1,1,1,1,181,156,40,0,377,EXACT,,A2clean_H_mask6_seed44_b2.png
A3-20261002-1,A2clean_H_mask6_seed44_b3,A2_RANDOM,synthetic-circle,g.co,H,6,44,3,3,0.4943,0.5011,0.0068,0.5673,3,6;23;24,1,1,1,1,2,181,159,40,0,380,EXACT,,A2clean_H_mask6_seed44_b3.png
A3-20261002-1,A2clean_H_mask6_seed44_b4,A2_RANDOM,synthetic-circle,g.co,H,6,44,4,4,0.4943,0.5034,0.0091,0.5721,4,6;8;23;24,1,1,1,2,2,177,159,40,0,376,EXACT,,A2clean_H_mask6_seed44_b4.png
A3-20261002-1,A2clean_H_mask6_seed44_b5,A2_RANDOM,synthetic-circle,g.co,H,6,44,5,5,0.4943,0.5057,0.0113,0.5769,5,6;8;16;23;24,1,1,1,2,3,176,162,40,0,378,EXACT,,A2clean_H_mask6_seed44_b5.png
A3-20261002-1,A2clean_H_mask6_seed44_b6,A2_RANDOM,synthetic-circle,g.co,H,6,44,6,6,0.4943,0.5079,0.0136,0.5817,6,6;8;16;19;23;24,1,1,1,2,4,176,153,40,0,369,EXACT,,A2clean_H_mask6_seed44_b6.png
A3-20261002-1,A2clean_H_mask6_seed44_b7,A2_RANDOM,synthetic-circle,g.co,H,6,44,7,7,0.4943,0.5102,0.0159,0.5865,7,6;8;16;17;19;23;24,1,1,1,2,5,176,156,40,0,372,EXACT,,A2clean_H_mask6_seed44_b7.png
A3-20261002-1,A2clean_H_mask6_seed44_b8,A2_RANDOM,synthetic-circle,g.co,H,6,44,8,8,0.4943,0.5125,0.0181,0.5913,8,6;8;12;16;17;19;23;24,1,1,1,2,6,176,159,40,0,375,EXACT,,A2clean_H_mask6_seed44_b8.png
A3-20261002-1,A2clean_H_mask6_seed44_b9,A2_RANDOM,synthetic-circle,g.co,H,6,44,9,9,0.4943,0.5147,0.0204,0.5962,8,6;8;12;16;17;19;23;24,1.125,2,1.125,2,6,176,159,40,0,375,EXACT,,A2clean_H_mask6_seed44_b9.png
A3-20261002-1,A2clean_H_mask6_seed44_b10,A2_RANDOM,synthetic-circle,g.co,H,6,44,10,10,0.4943,0.517,0.0227,0.601,9,6;8;12;14;16;17;19;23;24,1.111111,2,1.111111,2,7,176,165,40,0,381,NO_DETECTION,,A2clean_H_mask6_seed44_b10.png
A3-20261002-1,A2clean_H_mask6_seed44_b11,A2_RANDOM,synthetic-circle,g.co,H,6,44,11,11,0.4943,0.5193,0.0249,0.6058,10,6;8;11;12;14;16;17;19;23;24,1.1,2,1.1,2,8,178,165,40,0,383,NO_DETECTION,,A2clean_H_mask6_seed44_b11.png
A3-20261002-1,A2clean_H_mask6_seed44_b12,A2_RANDOM,synthetic-circle,g.co,H,6,44,12,12,0.4943,0.5215,0.0272,0.6106,11,6;8;11;12;14;16;17;19;23;24;25,1.090909,2,1.090909,2,9,183,171,40,0,394,NO_DETECTION,,A2clean_H_mask6_seed44_b12.png
A3-20261002-1,A2clean_H_mask6_seed44_b13,A2_RANDOM,synthetic-circle,g.co,H,6,44,13,13,0.4943,0.5238,0.0295,0.6154,12,2;6;8;11;12;14;16;17;19;23;24;25,1.083333,2,1.083333,3,9,183,174,40,0,397,NO_DETECTION,,A2clean_H_mask6_seed44_b13.png
A3-20261002-1,A2clean_H_mask6_seed44_b14,A2_RANDOM,synthetic-circle,g.co,H,6,44,14,14,0.4943,0.5261,0.0317,0.6202,13,2;6;8;11;12;14;15;16;17;19;23;24;25,1.076923,2,1.076923,3,10,182,177,40,0,399,NO_DETECTION,,A2clean_H_mask6_seed44_b14.png
A3-20261002-1,A2clean_H_mask6_seed44_b15,A2_RANDOM,synthetic-circle,g.co,H,6,44,15,15,0.4943,0.5283,0.034,0.625,14,2;6;8;11;12;13;14;15;16;17;19;23;24;25,1.071429,2,1.071429,3,11,184,177,40,0,401,NO_DETECTION,,A2clean_H_mask6_seed44_b15.png
A3-20261002-1,A2clean_H_mask6_seed44_b16,A2_RANDOM,synthetic-circle,g.co,H,6,44,16,16,0.4943,0.5306,0.0363,0.6298,15,1;2;6;8;11;12;13;14;15;16;17;19;23;24;25,1.066667,2,1.066667,4,11,184,180,40,0,404,NO_DETECTION,,A2clean_H_mask6_seed44_b16.png
A3-20261002-1,A2clean_H_mask6_seed44_b20,A2_RANDOM,synthetic-circle,g.co,H,6,44,20,20,0.4943,0.5397,0.0454,0.649,17,1;2;6;8;9;11;12;13;14;15;16;17;18;19;23;24;25,1.176471,2,1.176471,4,13,188,183,40,0,411,NO_DETECTION,,A2clean_H_mask6_seed44_b20.png
A3-20261002-1,A2clean_H_mask6_seed44_b24,A2_RANDOM,synthetic-circle,g.co,H,6,44,24,24,0.4943,0.5488,0.0544,0.6683,18,1;2;3;6;8;9;11;12;13;14;15;16;17;18;19;23;24;25,1.333333,3,1.333333,5,13,201,189,40,0,430,NO_DETECTION,,A2clean_H_mask6_seed44_b24.png
A3-20261002-1,A2clean_H_mask6_seed44_b32,A2_RANDOM,synthetic-circle,g.co,H,6,44,32,32,0.4943,0.5669,0.0726,0.7067,21,1;2;3;4;5;6;8;9;11;12;13;14;15;16;17;18;19;21;23;24;25,1.52381,3,1.52381,7,14,202,204,40,0,446,NO_DETECTION,,A2clean_H_mask6_seed44_b32.png
A3-20261002-1,A2clean_H_mask6_seed44_b40,A2_RANDOM,synthetic-circle,g.co,H,6,44,40,40,0.4943,0.585,0.0907,0.7452,22,1;2;3;4;5;6;8;9;10;11;12;13;14;15;16;17;18;19;21;23;24;25,1.818182,4,1.818182,7,15,229,228,40,0,497,NO_DETECTION,,A2clean_H_mask6_seed44_b40.png
A3-20261002-1,A2clean_H_mask6_seed44_b48,A2_RANDOM,synthetic-circle,g.co,H,6,44,48,48,0.4943,0.6032,0.1088,0.7837,25,0;1;2;3;4;5;6;8;9;10;11;12;13;14;15;16;17;18;19;20;21;22;23;24;25,1.92,4,1.92,8,17,255,264,40,0,559,NO_DETECTION,,A2clean_H_mask6_seed44_b48.png
A3-20261002-1,A2clean_H_mask6_seed44_b64,A2_RANDOM,synthetic-circle,g.co,H,6,44,64,64,0.4943,0.6395,0.1451,0.8606,25,0;1;2;3;4;5;6;8;9;10;11;12;13;14;15;16;17;18;19;20;21;22;23;24;25,2.56,5,2.56,8,17,298,312,0,0,610,NO_DETECTION,,A2clean_H_mask6_seed44_b64.png
A3-20261002-1,A2clean_H_mask6_seed44_b80,A2_RANDOM,synthetic-circle,g.co,H,6,44,80,80,0.4943,0.6757,0.1814,0.9375,25,0;1;2;3;4;5;6;8;9;10;11;12;13;14;15;16;17;18;19;20;21;22;23;24;25,3.2,6,3.2,8,17,355,420,0,0,775,NO_DETECTION,,A2clean_H_mask6_seed44_b80.png
A3-20261002-1,A2clean_H_mask6_seed44_b93,A2_RANDOM,synthetic-circle,g.co,H,6,44,93,93,0.4943,0.7052,0.2109,1,26,0;1;2;3;4;5;6;7;8;9;10;11;12;13;14;15;16;17;18;19;20;21;22;23;24;25,3.576923,6,3.576923,9,17,413,516,0,10,939,NO_DETECTION,,A2clean_H_mask6_seed44_b93.png
A3-20261002-1,A2clean_H_mask6_seed45_b0,A2_RANDOM,synthetic-circle,g.co,H,6,45,0,0,0.4943,0.4943,0,0.5529,0,,0,0,0,0,0,183,147,40,0,370,EXACT,,A2clean_H_mask6_seed45_b0.png
A3-20261002-1,A2clean_H_mask6_seed45_b1,A2_RANDOM,synthetic-circle,g.co,H,6,45,1,1,0.4943,0.4966,0.0023,0.5577,1,0,1,1,1,1,0,183,144,40,0,367,EXACT,,A2clean_H_mask6_seed45_b1.png
A3-20261002-1,A2clean_H_mask6_seed45_b2,A2_RANDOM,synthetic-circle,g.co,H,6,45,2,2,0.4943,0.4989,0.0045,0.5625,2,0;21,1,1,1,1,1,183,144,40,0,367,EXACT,,A2clean_H_mask6_seed45_b2.png
A3-20261002-1,A2clean_H_mask6_seed45_b3,A2_RANDOM,synthetic-circle,g.co,H,6,45,3,3,0.4943,0.5011,0.0068,0.5673,3,0;8;21,1,1,1,2,1,183,141,40,0,364,EXACT,,A2clean_H_mask6_seed45_b3.png
A3-20261002-1,A2clean_H_mask6_seed45_b4,A2_RANDOM,synthetic-circle,g.co,H,6,45,4,4,0.4943,0.5034,0.0091,0.5721,4,0;8;15;21,1,1,1,2,2,182,144,40,0,366,EXACT,,A2clean_H_mask6_seed45_b4.png
A3-20261002-1,A2clean_H_mask6_seed45_b5,A2_RANDOM,synthetic-circle,g.co,H,6,45,5,5,0.4943,0.5057,0.0113,0.5769,5,0;2;8;15;21,1,1,1,3,2,182,144,40,0,366,EXACT,,A2clean_H_mask6_seed45_b5.png
A3-20261002-1,A2clean_H_mask6_seed45_b6,A2_RANDOM,synthetic-circle,g.co,H,6,45,6,6,0.4943,0.5079,0.0136,0.5817,6,0;2;8;15;16;21,1,1,1,3,3,182,153,40,0,375,EXACT,,A2clean_H_mask6_seed45_b6.png
A3-20261002-1,A2clean_H_mask6_seed45_b7,A2_RANDOM,synthetic-circle,g.co,H,6,45,7,7,0.4943,0.5102,0.0159,0.5865,7,0;2;8;9;15;16;21,1,1,1,3,4,180,153,40,0,373,EXACT,,A2clean_H_mask6_seed45_b7.png
A3-20261002-1,A2clean_H_mask6_seed45_b8,A2_RANDOM,synthetic-circle,g.co,H,6,45,8,8,0.4943,0.5125,0.0181,0.5913,7,0;2;8;9;15;16;21,1.142857,2,1.142857,3,4,182,153,40,0,375,EXACT,,A2clean_H_mask6_seed45_b8.png
A3-20261002-1,A2clean_H_mask6_seed45_b9,A2_RANDOM,synthetic-circle,g.co,H,6,45,9,9,0.4943,0.5147,0.0204,0.5962,7,0;2;8;9;15;16;21,1.285714,2,1.285714,3,4,182,153,40,0,375,EXACT,,A2clean_H_mask6_seed45_b9.png
A3-20261002-1,A2clean_H_mask6_seed45_b10,A2_RANDOM,synthetic-circle,g.co,H,6,45,10,10,0.4943,0.517,0.0227,0.601,7,0;2;8;9;15;16;21,1.428571,2,1.428571,3,4,182,159,40,0,381,EXACT,,A2clean_H_mask6_seed45_b10.png
A3-20261002-1,A2clean_H_mask6_seed45_b11,A2_RANDOM,synthetic-circle,g.co,H,6,45,11,11,0.4943,0.5193,0.0249,0.6058,8,0;2;3;8;9;15;16;21,1.375,2,1.375,4,4,182,156,40,0,378,EXACT,,A2clean_H_mask6_seed45_b11.png
A3-20261002-1,A2clean_H_mask6_seed45_b12,A2_RANDOM,synthetic-circle,g.co,H,6,45,12,12,0.4943,0.5215,0.0272,0.6106,9,0;2;3;8;9;15;16;21;23,1.333333,2,1.333333,4,5,177,156,40,0,373,NO_DETECTION,,A2clean_H_mask6_seed45_b12.png
A3-20261002-1,A2clean_H_mask6_seed45_b13,A2_RANDOM,synthetic-circle,g.co,H,6,45,13,13,0.4943,0.5238,0.0295,0.6154,10,0;2;3;8;9;13;15;16;21;23,1.3,2,1.3,4,6,179,156,40,0,375,NO_DETECTION,,A2clean_H_mask6_seed45_b13.png
A3-20261002-1,A2clean_H_mask6_seed45_b14,A2_RANDOM,synthetic-circle,g.co,H,6,45,14,14,0.4943,0.5261,0.0317,0.6202,11,0;2;3;8;9;13;15;16;20;21;23,1.272727,2,1.272727,4,7,182,162,40,0,384,NO_DETECTION,,A2clean_H_mask6_seed45_b14.png
A3-20261002-1,A2clean_H_mask6_seed45_b15,A2_RANDOM,synthetic-circle,g.co,H,6,45,15,15,0.4943,0.5283,0.034,0.625,11,0;2;3;8;9;13;15;16;20;21;23,1.363636,2,1.363636,4,7,182,162,40,0,384,NO_DETECTION,,A2clean_H_mask6_seed45_b15.png
A3-20261002-1,A2clean_H_mask6_seed45_b16,A2_RANDOM,synthetic-circle,g.co,H,6,45,16,16,0.4943,0.5306,0.0363,0.6298,12,0;2;3;8;9;12;13;15;16;20;21;23,1.333333,2,1.333333,4,8,187,168,40,0,395,NO_DETECTION,,A2clean_H_mask6_seed45_b16.png
A3-20261002-1,A2clean_H_mask6_seed45_b20,A2_RANDOM,synthetic-circle,g.co,H,6,45,20,20,0.4943,0.5397,0.0454,0.649,15,0;2;3;7;8;9;12;13;15;16;17;19;20;21;23,1.333333,2,1.333333,5,10,196,171,80,0,447,NO_DETECTION,,A2clean_H_mask6_seed45_b20.png
A3-20261002-1,A2clean_H_mask6_seed45_b24,A2_RANDOM,synthetic-circle,g.co,H,6,45,24,24,0.4943,0.5488,0.0544,0.6683,17,0;2;3;7;8;9;10;12;13;15;16;17;19;20;21;22;23,1.411765,3,1.411765,5,12,210,192,40,0,442,NO_DETECTION,,A2clean_H_mask6_seed45_b24.png
A3-20261002-1,A2clean_H_mask6_seed45_b32,A2_RANDOM,synthetic-circle,g.co,H,6,45,32,32,0.4943,0.5669,0.0726,0.7067,20,0;2;3;7;8;9;10;11;12;13;14;15;16;17;19;20;21;22;23;24,1.6,3,1.6,5,15,219,210,40,0,469,NO_DETECTION,,A2clean_H_mask6_seed45_b32.png
A3-20261002-1,A2clean_H_mask6_seed45_b40,A2_RANDOM,synthetic-circle,g.co,H,6,45,40,40,0.4943,0.585,0.0907,0.7452,21,0;2;3;4;7;8;9;10;11;12;13;14;15;16;17;19;20;21;22;23;24,1.904762,3,1.904762,6,15,233,228,40,0,501,NO_DETECTION,,A2clean_H_mask6_seed45_b40.png
A3-20261002-1,A2clean_H_mask6_seed45_b48,A2_RANDOM,synthetic-circle,g.co,H,6,45,48,48,0.4943,0.6032,0.1088,0.7837,22,0;1;2;3;4;7;8;9;10;11;12;13;14;15;16;17;19;20;21;22;23;24,2.181818,5,2.181818,7,15,253,258,40,10,561,NO_DETECTION,,A2clean_H_mask6_seed45_b48.png
A3-20261002-1,A2clean_H_mask6_seed45_b64,A2_RANDOM,synthetic-circle,g.co,H,6,45,64,64,0.4943,0.6395,0.1451,0.8606,24,0;1;2;3;4;6;7;8;9;10;11;12;13;14;15;16;17;19;20;21;22;23;24;25,2.666667,6,2.666667,8,16,305,348,0,10,663,NO_DETECTION,,A2clean_H_mask6_seed45_b64.png
A3-20261002-1,A2clean_H_mask6_seed45_b80,A2_RANDOM,synthetic-circle,g.co,H,6,45,80,80,0.4943,0.6757,0.1814,0.9375,26,0;1;2;3;4;5;6;7;8;9;10;11;12;13;14;15;16;17;18;19;20;21;22;23;24;25,3.076923,6,3.076923,9,17,351,417,0,10,778,NO_DETECTION,,A2clean_H_mask6_seed45_b80.png
A3-20261002-1,A2clean_H_mask6_seed45_b93,A2_RANDOM,synthetic-circle,g.co,H,6,45,93,93,0.4943,0.7052,0.2109,1,26,0;1;2;3;4;5;6;7;8;9;10;11;12;13;14;15;16;17;18;19;20;21;22;23;24;25,3.576923,6,3.576923,9,17,413,516,0,10,939,NO_DETECTION,,A2clean_H_mask6_seed45_b93.png
A3-20261002-1,A2clean_H_mask6_seed46_b0,A2_RANDOM,synthetic-circle,g.co,H,6,46,0,0,0.4943,0.4943,0,0.5529,0,,0,0,0,0,0,183,147,40,0,370,EXACT,,A2clean_H_mask6_seed46_b0.png
A3-20261002-1,A2clean_H_mask6_seed46_b1,A2_RANDOM,synthetic-circle,g.co,H,6,46,1,1,0.4943,0.4966,0.0023,0.5577,1,8,1,1,1,1,0,183,144,40,0,367,EXACT,,A2clean_H_mask6_seed46_b1.png
A3-20261002-1,A2clean_H_mask6_seed46_b2,A2_RANDOM,synthetic-circle,g.co,H,6,46,2,2,0.4943,0.4989,0.0045,0.5625,2,0;8,1,1,1,2,0,184,144,40,0,368,EXACT,,A2clean_H_mask6_seed46_b2.png
A3-20261002-1,A2clean_H_mask6_seed46_b3,A2_RANDOM,synthetic-circle,g.co,H,6,46,3,3,0.4943,0.5011,0.0068,0.5673,3,0;8;16,1,1,1,2,1,184,144,40,0,368,EXACT,,A2clean_H_mask6_seed46_b3.png
A3-20261002-1,A2clean_H_mask6_seed46_b4,A2_RANDOM,synthetic-circle,g.co,H,6,46,4,4,0.4943,0.5034,0.0091,0.5721,4,0;8;11;16,1,1,1,2,2,184,144,40,0,368,EXACT,,A2clean_H_mask6_seed46_b4.png
A3-20261002-1,A2clean_H_mask6_seed46_b5,A2_RANDOM,synthetic-circle,g.co,H,6,46,5,5,0.4943,0.5057,0.0113,0.5769,5,0;4;8;11;16,1,1,1,3,2,187,144,40,0,371,EXACT,,A2clean_H_mask6_seed46_b5.png
A3-20261002-1,A2clean_H_mask6_seed46_b6,A2_RANDOM,synthetic-circle,g.co,H,6,46,6,6,0.4943,0.5079,0.0136,0.5817,6,0;4;8;11;16;22,1,1,1,3,3,182,141,40,0,363,EXACT,,A2clean_H_mask6_seed46_b6.png
A3-20261002-1,A2clean_H_mask6_seed46_b7,A2_RANDOM,synthetic-circle,g.co,H,6,46,7,7,0.4943,0.5102,0.0159,0.5865,7,0;2;4;8;11;16;22,1,1,1,4,3,182,141,40,0,363,EXACT,,A2clean_H_mask6_seed46_b7.png
A3-20261002-1,A2clean_H_mask6_seed46_b8,A2_RANDOM,synthetic-circle,g.co,H,6,46,8,8,0.4943,0.5125,0.0181,0.5913,8,0;2;4;8;11;16;19;22,1,1,1,4,4,182,144,40,0,366,EXACT,,A2clean_H_mask6_seed46_b8.png
A3-20261002-1,A2clean_H_mask6_seed46_b9,A2_RANDOM,synthetic-circle,g.co,H,6,46,9,9,0.4943,0.5147,0.0204,0.5962,9,0;2;4;8;11;14;16;19;22,1,1,1,4,5,182,150,40,0,372,NO_DETECTION,,A2clean_H_mask6_seed46_b9.png
A3-20261002-1,A2clean_H_mask6_seed46_b10,A2_RANDOM,synthetic-circle,g.co,H,6,46,10,10,0.4943,0.517,0.0227,0.601,10,0;2;4;8;11;14;16;17;19;22,1,1,1,4,6,185,150,40,0,375,NO_DETECTION,,A2clean_H_mask6_seed46_b10.png
A3-20261002-1,A2clean_H_mask6_seed46_b11,A2_RANDOM,synthetic-circle,g.co,H,6,46,11,11,0.4943,0.5193,0.0249,0.6058,11,0;2;4;8;11;14;16;17;19;22;25,1,1,1,4,7,190,156,40,0,386,NO_DETECTION,,A2clean_H_mask6_seed46_b11.png
A3-20261002-1,A2clean_H_mask6_seed46_b12,A2_RANDOM,synthetic-circle,g.co,H,6,46,12,12,0.4943,0.5215,0.0272,0.6106,11,0;2;4;8;11;14;16;17;19;22;25,1.090909,2,1.090909,4,7,184,153,40,0,377,NO_DETECTION,,A2clean_H_mask6_seed46_b12.png
A3-20261002-1,A2clean_H_mask6_seed46_b13,A2_RANDOM,synthetic-circle,g.co,H,6,46,13,13,0.4943,0.5238,0.0295,0.6154,12,0;1;2;4;8;11;14;16;17;19;22;25,1.083333,2,1.083333,5,7,187,156,40,0,383,NO_DETECTION,,A2clean_H_mask6_seed46_b13.png
A3-20261002-1,A2clean_H_mask6_seed46_b14,A2_RANDOM,synthetic-circle,g.co,H,6,46,14,14,0.4943,0.5261,0.0317,0.6202,13,0;1;2;4;5;8;11;14;16;17;19;22;25,1.076923,2,1.076923,6,7,191,156,40,0,387,NO_DETECTION,,A2clean_H_mask6_seed46_b14.png
A3-20261002-1,A2clean_H_mask6_seed46_b15,A2_RANDOM,synthetic-circle,g.co,H,6,46,15,15,0.4943,0.5283,0.034,0.625,14,0;1;2;4;5;8;9;11;14;16;17;19;22;25,1.071429,2,1.071429,6,8,190,156,40,0,386,NO_DETECTION,,A2clean_H_mask6_seed46_b15.png
A3-20261002-1,A2clean_H_mask6_seed46_b16,A2_RANDOM,synthetic-circle,g.co,H,6,46,16,16,0.4943,0.5306,0.0363,0.6298,15,0;1;2;4;5;8;9;11;13;14;16;17;19;22;25,1.066667,2,1.066667,6,9,192,156,40,0,388,NO_DETECTION,,A2clean_H_mask6_seed46_b16.png
A3-20261002-1,A2clean_H_mask6_seed46_b20,A2_RANDOM,synthetic-circle,g.co,H,6,46,20,20,0.4943,0.5397,0.0454,0.649,16,0;1;2;4;5;8;9;11;13;14;15;16;17;19;22;25,1.25,3,1.25,6,10,192,165,40,0,397,NO_DETECTION,,A2clean_H_mask6_seed46_b20.png
A3-20261002-1,A2clean_H_mask6_seed46_b24,A2_RANDOM,synthetic-circle,g.co,H,6,46,24,24,0.4943,0.5488,0.0544,0.6683,18,0;1;2;4;5;8;9;10;11;13;14;15;16;17;19;22;24;25,1.333333,3,1.333333,6,12,193,168,40,0,401,NO_DETECTION,,A2clean_H_mask6_seed46_b24.png
A3-20261002-1,A2clean_H_mask6_seed46_b32,A2_RANDOM,synthetic-circle,g.co,H,6,46,32,32,0.4943,0.5669,0.0726,0.7067,20,0;1;2;3;4;5;8;9;10;11;13;14;15;16;17;19;22;23;24;25,1.6,4,1.6,7,13,221,192,40,0,453,NO_DETECTION,,A2clean_H_mask6_seed46_b32.png
A3-20261002-1,A2clean_H_mask6_seed46_b40,A2_RANDOM,synthetic-circle,g.co,H,6,46,40,40,0.4943,0.585,0.0907,0.7452,22,0;1;2;3;4;5;6;8;9;10;11;13;14;15;16;17;19;21;22;23;24;25,1.818182,4,1.818182,8,14,245,237,40,0,522,NO_DETECTION,,A2clean_H_mask6_seed46_b40.png
A3-20261002-1,A2clean_H_mask6_seed46_b48,A2_RANDOM,synthetic-circle,g.co,H,6,46,48,48,0.4943,0.6032,0.1088,0.7837,22,0;1;2;3;4;5;6;8;9;10;11;13;14;15;16;17;19;21;22;23;24;25,2.181818,4,2.181818,8,14,258,264,40,0,562,NO_DETECTION,,A2clean_H_mask6_seed46_b48.png
A3-20261002-1,A2clean_H_mask6_seed46_b64,A2_RANDOM,synthetic-circle,g.co,H,6,46,64,64,0.4943,0.6395,0.1451,0.8606,25,0;1;2;3;4;5;6;7;8;9;10;11;12;13;14;15;16;17;19;20;21;22;23;24;25,2.56,5,2.56,9,16,298,330,40,0,668,NO_DETECTION,,A2clean_H_mask6_seed46_b64.png
A3-20261002-1,A2clean_H_mask6_seed46_b80,A2_RANDOM,synthetic-circle,g.co,H,6,46,80,80,0.4943,0.6757,0.1814,0.9375,26,0;1;2;3;4;5;6;7;8;9;10;11;12;13;14;15;16;17;18;19;20;21;22;23;24;25,3.076923,6,3.076923,9,17,357,423,0,10,790,NO_DETECTION,,A2clean_H_mask6_seed46_b80.png
A3-20261002-1,A2clean_H_mask6_seed46_b93,A2_RANDOM,synthetic-circle,g.co,H,6,46,93,93,0.4943,0.7052,0.2109,1,26,0;1;2;3;4;5;6;7;8;9;10;11;12;13;14;15;16;17;18;19;20;21;22;23;24;25,3.576923,6,3.576923,9,17,413,516,0,10,939,NO_DETECTION,,A2clean_H_mask6_seed46_b93.png
A3-20261002-1,A3clean_H_mask6_packed_b0,A3_PACKED,synthetic-circle,g.co,H,6,,0,0,0.4943,0.4943,0,0.5529,0,,0,0,0,0,0,183,147,40,0,370,EXACT,,A3clean_H_mask6_packed_b0.png
A3-20261002-1,A3clean_H_mask6_packed_b1,A3_PACKED,synthetic-circle,g.co,H,6,,1,1,0.4943,0.4966,0.0023,0.5577,1,23,1,1,1,0,1,177,147,40,0,364,EXACT,,A3clean_H_mask6_packed_b1.png
A3-20261002-1,A3clean_H_mask6_packed_b2,A3_PACKED,synthetic-circle,g.co,H,6,,2,2,0.4943,0.4989,0.0045,0.5625,1,21,2,2,2,0,1,183,144,0,0,327,EXACT,,A3clean_H_mask6_packed_b2.png
A3-20261002-1,A3clean_H_mask6_packed_b3,A3_PACKED,synthetic-circle,g.co,H,6,,3,3,0.4943,0.5011,0.0068,0.5673,1,21,3,3,3,0,1,183,147,0,0,330,EXACT,,A3clean_H_mask6_packed_b3.png
A3-20261002-1,A3clean_H_mask6_packed_b4,A3_PACKED,synthetic-circle,g.co,H,6,,4,4,0.4943,0.5034,0.0091,0.5721,1,21,4,4,4,0,1,183,153,0,0,336,EXACT,,A3clean_H_mask6_packed_b4.png
A3-20261002-1,A3clean_H_mask6_packed_b5,A3_PACKED,synthetic-circle,g.co,H,6,,5,5,0.4943,0.5057,0.0113,0.5769,1,21,5,5,5,0,1,187,156,0,0,343,EXACT,,A3clean_H_mask6_packed_b5.png
A3-20261002-1,A3clean_H_mask6_packed_b6,A3_PACKED,synthetic-circle,g.co,H,6,,6,6,0.4943,0.5079,0.0136,0.5817,1,21,6,6,6,0,1,190,162,0,0,352,EXACT,,A3clean_H_mask6_packed_b6.png
A3-20261002-1,A3clean_H_mask6_packed_b7,A3_PACKED,synthetic-circle,g.co,H,6,,7,7,0.4943,0.5102,0.0159,0.5865,2,21;23,3.5,6,3.5,0,2,184,162,0,0,346,EXACT,,A3clean_H_mask6_packed_b7.png
A3-20261002-1,A3clean_H_mask6_packed_b8,A3_PACKED,synthetic-circle,g.co,H,6,,8,8,0.4943,0.5125,0.0181,0.5913,2,14;21,4,6,4,0,2,181,156,0,0,337,EXACT,,A3clean_H_mask6_packed_b8.png
A3-20261002-1,A3clean_H_mask6_packed_b9,A3_PACKED,synthetic-circle,g.co,H,6,,9,9,0.4943,0.5147,0.0204,0.5962,2,19;21,4.5,6,4.5,0,2,185,150,0,0,335,EXACT,,A3clean_H_mask6_packed_b9.png
A3-20261002-1,A3clean_H_mask6_packed_b10,A3_PACKED,synthetic-circle,g.co,H,6,,10,10,0.4943,0.517,0.0227,0.601,2,19;21,5,6,5,0,2,188,153,0,0,341,EXACT,,A3clean_H_mask6_packed_b10.png
A3-20261002-1,A3clean_H_mask6_packed_b11,A3_PACKED,synthetic-circle,g.co,H,6,,11,11,0.4943,0.5193,0.0249,0.6058,2,19;21,5.5,6,5.5,0,2,191,159,0,0,350,EXACT,,A3clean_H_mask6_packed_b11.png
A3-20261002-1,A3clean_H_mask6_packed_b12,A3_PACKED,synthetic-circle,g.co,H,6,,12,12,0.4943,0.5215,0.0272,0.6106,2,14;21,6,6,6,0,2,185,174,0,0,359,EXACT,,A3clean_H_mask6_packed_b12.png
A3-20261002-1,A3clean_H_mask6_packed_b13,A3_PACKED,synthetic-circle,g.co,H,6,,13,13,0.4943,0.5238,0.0295,0.6154,3,14;21;23,4.333333,6,4.333333,0,3,179,174,0,0,353,EXACT,,A3clean_H_mask6_packed_b13.png
A3-20261002-1,A3clean_H_mask6_packed_b14,A3_PACKED,synthetic-circle,g.co,H,6,,14,14,0.4943,0.5261,0.0317,0.6202,3,14;21;23,4.666667,6,4.666667,0,3,179,168,0,0,347,EXACT,,A3clean_H_mask6_packed_b14.png
A3-20261002-1,A3clean_H_mask6_packed_b15,A3_PACKED,synthetic-circle,g.co,H,6,,15,15,0.4943,0.5283,0.034,0.625,3,8;14;21,5,6,5,1,2,181,171,0,0,352,EXACT,,A3clean_H_mask6_packed_b15.png
A3-20261002-1,A3clean_H_mask6_packed_b16,A3_PACKED,synthetic-circle,g.co,H,6,,16,16,0.4943,0.5306,0.0363,0.6298,3,14;21;23,5.333333,6,5.333333,0,3,179,168,0,0,347,EXACT,,A3clean_H_mask6_packed_b16.png
A3-20261002-1,A3clean_H_mask6_packed_b20,A3_PACKED,synthetic-circle,g.co,H,6,,20,20,0.4943,0.5397,0.0454,0.649,4,8;14;21;23,5,6,5,1,3,185,177,0,0,362,EXACT,,A3clean_H_mask6_packed_b20.png
A3-20261002-1,A3clean_H_mask6_packed_b24,A3_PACKED,synthetic-circle,g.co,H,6,,24,24,0.4943,0.5488,0.0544,0.6683,4,8;14;21;23,6,6,6,1,3,200,189,0,0,389,EXACT,,A3clean_H_mask6_packed_b24.png
A3-20261002-1,A3clean_H_mask6_packed_b32,A3_PACKED,synthetic-circle,g.co,H,6,,32,32,0.4943,0.5669,0.0726,0.7067,6,4;8;14;19;21;23,5.333333,6,5.333333,2,4,212,201,0,10,423,EXACT,,A3clean_H_mask6_packed_b32.png
A3-20261002-1,A3clean_H_mask6_packed_b40,A3_PACKED,synthetic-circle,g.co,H,6,,40,40,0.4943,0.585,0.0907,0.7452,7,4;8;13;14;19;21;23,5.714286,6,5.714286,2,5,235,228,0,10,473,EXACT,,A3clean_H_mask6_packed_b40.png
A3-20261002-1,A3clean_H_mask6_packed_b48,A3_PACKED,synthetic-circle,g.co,H,6,,48,48,0.4943,0.6032,0.1088,0.7837,9,0;2;4;8;13;14;19;21;23,5.333333,6,5.333333,4,5,247,246,0,0,493,NO_DETECTION,,A3clean_H_mask6_packed_b48.png
A3-20261002-1,A3clean_H_mask6_packed_b64,A3_PACKED,synthetic-circle,g.co,H,6,,64,64,0.4943,0.6395,0.1451,0.8606,13,0;1;2;3;4;8;11;13;14;17;19;21;23,4.923077,6,4.923077,6,7,294,312,0,0,606,NO_DETECTION,,A3clean_H_mask6_packed_b64.png
A3-20261002-1,A3clean_H_mask6_packed_b80,A3_PACKED,synthetic-circle,g.co,H,6,,80,80,0.4943,0.6757,0.1814,0.9375,19,0;1;2;3;4;5;8;9;11;12;13;14;16;17;19;21;22;23;24,4.210526,6,4.210526,7,12,348,390,0,10,748,NO_DETECTION,,A3clean_H_mask6_packed_b80.png
A3-20261002-1,A3clean_H_mask6_packed_b93,A3_PACKED,synthetic-circle,g.co,H,6,,93,93,0.4943,0.7052,0.2109,1,26,0;1;2;3;4;5;6;7;8;9;10;11;12;13;14;15;16;17;18;19;20;21;22;23;24;25,3.576923,6,3.576923,9,17,413,516,0,10,939,NO_DETECTION,,A3clean_H_mask6_packed_b93.png
