base_ecc,base_mask,codeword_budget,actual_modified_modules,affected_codeword_count,full_similarity_after,full_similarity_gain,packing_efficiency,jsqr_decode_status,candidate_filename,opencv_decode_status
H,6,0,0,0,0.4943,0,0,EXACT,A3cw_H_mask6_K0.png,EXACT
H,6,1,6,1,0.5079,0.0136,6,EXACT,A3cw_H_mask6_K1.png,EXACT
H,6,2,12,2,0.5215,0.0272,6,EXACT,A3cw_H_mask6_K2.png,EXACT
H,6,3,18,3,0.5351,0.0408,6,EXACT,A3cw_H_mask6_K3.png,EXACT
H,6,4,24,4,0.5488,0.0544,6,EXACT,A3cw_H_mask6_K4.png,EXACT
H,6,5,30,5,0.5624,0.068,6,EXACT,A3cw_H_mask6_K5.png,EXACT
H,6,6,35,6,0.5737,0.0794,5.833333,EXACT,A3cw_H_mask6_K6.png,EXACT
H,6,7,40,7,0.585,0.0907,5.714286,EXACT,A3cw_H_mask6_K7.png,EXACT
H,6,8,44,8,0.5941,0.0998,5.5,EXACT,A3cw_H_mask6_K8.png,EXACT
H,6,9,48,9,0.6032,0.1088,5.333333,NO_DETECTION,A3cw_H_mask6_K9.png,WRONG_PAYLOAD
H,6,10,52,10,0.6122,0.1179,5.2,NO_DETECTION,A3cw_H_mask6_K10.png,WRONG_PAYLOAD
H,6,11,56,11,0.6213,0.127,5.090909,NO_DETECTION,A3cw_H_mask6_K11.png,WRONG_PAYLOAD
H,6,12,60,12,0.6304,0.1361,5,NO_DETECTION,A3cw_H_mask6_K12.png,WRONG_PAYLOAD
H,6,13,64,13,0.6395,0.1451,4.923077,NO_DETECTION,A3cw_H_mask6_K13.png,WRONG_PAYLOAD
H,6,14,67,14,0.6463,0.1519,4.785714,NO_DETECTION,A3cw_H_mask6_K14.png,WRONG_PAYLOAD
H,6,15,70,15,0.6531,0.1587,4.666667,NO_DETECTION,A3cw_H_mask6_K15.png,WRONG_PAYLOAD
H,6,16,73,16,0.6599,0.1655,4.5625,NO_DETECTION,A3cw_H_mask6_K16.png,WRONG_PAYLOAD
H,6,17,76,17,0.6667,0.1723,4.470588,NO_DETECTION,A3cw_H_mask6_K17.png,WRONG_PAYLOAD
H,6,18,79,18,0.6735,0.1791,4.388889,NO_DETECTION,A3cw_H_mask6_K18.png,WRONG_PAYLOAD
H,6,19,81,19,0.678,0.1837,4.263158,NO_DETECTION,A3cw_H_mask6_K19.png,WRONG_PAYLOAD
H,6,20,83,20,0.6825,0.1882,4.15,NO_DETECTION,A3cw_H_mask6_K20.png,WRONG_PAYLOAD
H,6,21,85,21,0.6871,0.1927,4.047619,NO_DETECTION,A3cw_H_mask6_K21.png,WRONG_PAYLOAD
H,6,22,87,22,0.6916,0.1973,3.954545,NO_DETECTION,A3cw_H_mask6_K22.png,WRONG_PAYLOAD
H,6,23,89,23,0.6961,0.2018,3.869565,NO_DETECTION,A3cw_H_mask6_K23.png,WRONG_PAYLOAD
H,6,24,91,24,0.7007,0.2063,3.791667,NO_DETECTION,A3cw_H_mask6_K24.png,WRONG_PAYLOAD
H,6,25,92,25,0.7029,0.2086,3.68,NO_DETECTION,A3cw_H_mask6_K25.png,WRONG_PAYLOAD
H,6,26,93,26,0.7052,0.2109,3.576923,NO_DETECTION,A3cw_H_mask6_K26.png,WRONG_PAYLOAD
