candidate_id,strategy,module_budget,similarity,affected_codewords,transform_case_count,jsqr_exact_count,jsqr_exact_rate,opencv_exact_count,opencv_exact_rate,both_exact_count,both_exact_rate,resize_exact_rate,blur_exact_rate,jpeg_exact_rate,rotation_exact_rate,perspective_exact_rate
A1base_H_mask6,A1_BASELINE,0,0.4943,0,25,22,0.88,25,1,22,0.88,1,1,1,1,0.25
A2clean_H_mask6_seed42_b8,A2_RANDOM,8,0.5125,5,25,22,0.88,25,1,22,0.88,1,1,1,1,0.25
A2clean_H_mask6_seed43_b8,A2_RANDOM,8,0.5125,7,25,22,0.88,25,1,22,0.88,1,1,1,1,0.25
A2clean_H_mask6_seed44_b8,A2_RANDOM,8,0.5125,8,25,22,0.88,25,1,22,0.88,1,1,1,1,0.25
A2clean_H_mask6_seed45_b8,A2_RANDOM,8,0.5125,7,25,22,0.88,25,1,22,0.88,1,1,1,1,0.25
A2clean_H_mask6_seed46_b8,A2_RANDOM,8,0.5125,8,25,22,0.88,25,1,22,0.88,1,1,1,1,0.25
A2clean_H_mask6_seed42_b10,A2_RANDOM,10,0.517,5,25,22,0.88,25,1,22,0.88,1,1,1,1,0.25
A2clean_H_mask6_seed43_b10,A2_RANDOM,10,0.517,9,25,0,0,0,0,0,0,0,0,0,0,0
A2clean_H_mask6_seed44_b10,A2_RANDOM,10,0.517,9,25,0,0,0,0,0,0,0,0,0,0,0
A2clean_H_mask6_seed45_b10,A2_RANDOM,10,0.517,7,25,22,0.88,25,1,22,0.88,1,1,1,1,0.25
A2clean_H_mask6_seed46_b10,A2_RANDOM,10,0.517,10,25,0,0,0,0,0,0,0,0,0,0,0
A2clean_H_mask6_seed42_b12,A2_RANDOM,12,0.5215,7,25,22,0.88,25,1,22,0.88,1,1,1,1,0.25
A2clean_H_mask6_seed43_b12,A2_RANDOM,12,0.5215,9,25,0,0,0,0,0,0,0,0,0,0,0
A2clean_H_mask6_seed44_b12,A2_RANDOM,12,0.5215,11,25,0,0,0,0,0,0,0,0,0,0,0
A2clean_H_mask6_seed45_b12,A2_RANDOM,12,0.5215,9,25,0,0,0,0,0,0,0,0,0,0,0
A2clean_H_mask6_seed46_b12,A2_RANDOM,12,0.5215,11,25,0,0,0,0,0,0,0,0,0,0,0
A3clean_H_mask6_packed_b0,A3_PACKED,0,0.4943,0,25,22,0.88,25,1,22,0.88,1,1,1,1,0.25
A3clean_H_mask6_packed_b1,A3_PACKED,1,0.4966,1,25,22,0.88,25,1,22,0.88,1,1,1,1,0.25
A3clean_H_mask6_packed_b2,A3_PACKED,2,0.4989,1,25,22,0.88,25,1,22,0.88,1,1,1,1,0.25
A3clean_H_mask6_packed_b3,A3_PACKED,3,0.5011,1,25,22,0.88,25,1,22,0.88,1,1,1,1,0.25
A3clean_H_mask6_packed_b4,A3_PACKED,4,0.5034,1,25,22,0.88,25,1,22,0.88,1,1,1,1,0.25
A3clean_H_mask6_packed_b5,A3_PACKED,5,0.5057,1,25,22,0.88,25,1,22,0.88,1,1,1,1,0.25
A3clean_H_mask6_packed_b6,A3_PACKED,6,0.5079,1,25,22,0.88,25,1,22,0.88,1,1,1,1,0.25
A3clean_H_mask6_packed_b7,A3_PACKED,7,0.5102,2,25,22,0.88,25,1,22,0.88,1,1,1,1,0.25
A3clean_H_mask6_packed_b8,A3_PACKED,8,0.5125,2,25,22,0.88,25,1,22,0.88,1,1,1,1,0.25
A3clean_H_mask6_packed_b9,A3_PACKED,9,0.5147,2,25,22,0.88,25,1,22,0.88,1,1,1,1,0.25
A3clean_H_mask6_packed_b10,A3_PACKED,10,0.517,2,25,22,0.88,25,1,22,0.88,1,1,1,1,0.25
A3clean_H_mask6_packed_b11,A3_PACKED,11,0.5193,2,25,22,0.88,25,1,22,0.88,1,1,1,1,0.25
A3clean_H_mask6_packed_b12,A3_PACKED,12,0.5215,2,25,22,0.88,25,1,22,0.88,1,1,1,1,0.25
A3clean_H_mask6_packed_b13,A3_PACKED,13,0.5238,3,25,22,0.88,25,1,22,0.88,1,1,1,1,0.25
A3clean_H_mask6_packed_b14,A3_PACKED,14,0.5261,3,25,22,0.88,25,1,22,0.88,1,1,1,1,0.25
A3clean_H_mask6_packed_b15,A3_PACKED,15,0.5283,3,25,22,0.88,25,1,22,0.88,1,1,1,1,0.25
A3clean_H_mask6_packed_b16,A3_PACKED,16,0.5306,3,25,22,0.88,25,1,22,0.88,1,1,1,1,0.25
A3clean_H_mask6_packed_b20,A3_PACKED,20,0.5397,4,25,22,0.88,25,1,22,0.88,1,1,1,1,0.25
A3clean_H_mask6_packed_b24,A3_PACKED,24,0.5488,4,25,22,0.88,25,1,22,0.88,1,1,1,1,0.25
A3clean_H_mask6_packed_b32,A3_PACKED,32,0.5669,6,25,22,0.88,25,1,22,0.88,1,1,1,1,0.25
A3clean_H_mask6_packed_b40,A3_PACKED,40,0.585,7,25,22,0.88,25,1,22,0.88,1,1,1,1,0.25
