base_ecc,base_mask,module_budget,actual_modified_modules,similarity,a2_trial_count,a2_exact_count,a2_exact_rate,a2_affected_codewords_mean,a2_affected_codewords_min,a2_affected_codewords_max,a3_affected_codewords,a3_packing_efficiency,a3_jsqr_exact,a3_opencv_exact,affected_codeword_reduction_vs_a2_mean
H,6,0,0,0.4943,5,5,1,0,0,0,0,0,true,true,0
H,6,1,1,0.4966,5,5,1,1,1,1,1,1,true,true,0
H,6,2,2,0.4989,5,5,1,1.8,1,2,1,2,true,true,0.8
H,6,3,3,0.5011,5,5,1,2.8,2,3,1,3,true,true,1.8
H,6,4,4,0.5034,5,5,1,3.6,2,4,1,4,true,true,2.6
H,6,5,5,0.5057,5,5,1,4.4,3,5,1,5,true,true,3.4
H,6,6,6,0.5079,5,5,1,5.2,3,6,1,6,true,true,4.2
H,6,7,7,0.5102,5,5,1,6.2,4,7,2,3.5,true,true,4.2
H,6,8,8,0.5125,5,5,1,7,5,8,2,4,true,true,5
H,6,9,9,0.5147,5,4,0.8,7.4,5,9,2,4.5,true,true,5.4
H,6,10,10,0.517,5,2,0.4,8,5,10,2,5,true,true,6
H,6,11,11,0.5193,5,2,0.4,8.8,6,11,2,5.5,true,true,6.8
H,6,12,12,0.5215,5,1,0.2,9.4,7,11,2,6,true,true,7.4
H,6,13,13,0.5238,5,1,0.2,10.4,8,12,3,4.333333,true,true,7.4
H,6,14,14,0.5261,5,0,0,11.4,9,13,3,4.666667,true,true,8.4
H,6,15,15,0.5283,5,0,0,12,10,14,3,5,true,true,9
H,6,16,16,0.5306,5,0,0,12.6,10,15,3,5.333333,true,true,9.6
H,6,20,20,0.5397,5,0,0,14.6,11,17,4,5,true,true,10.6
H,6,24,24,0.5488,5,0,0,16.4,14,18,4,6,true,true,12.4
H,6,32,32,0.5669,5,0,0,19.4,18,21,6,5.333333,true,true,13.4
H,6,40,40,0.585,5,0,0,21.4,21,22,7,5.714286,true,true,14.4
H,6,48,48,0.6032,5,0,0,22.8,22,25,9,5.333333,false,false,13.8
H,6,64,64,0.6395,5,0,0,24.8,24,26,13,4.923077,false,false,11.8
H,6,80,80,0.6757,5,0,0,25.4,24,26,19,4.210526,false,false,6.4
H,6,93,93,0.7052,5,0,0,26,26,26,26,3.576923,false,false,0
